Age,Hours per day,While working,Fav genre,BPM,Frequency [Classical],Frequency [Country],Frequency [EDM],Frequency [Folk],Frequency [Gospel],Frequency [Hip hop],Frequency [Jazz],Frequency [K pop],Frequency [Latin],Frequency [Lofi],Frequency [Metal],Frequency [Pop],Frequency [R&B],Frequency [Rap],Frequency [Rock],Frequency [Video game music],Anxiety,Depression,Insomnia,OCD,Music effects
18.0,4.0,No,Video game music,132.0,0,0,3,0,0,1,1,3,0,2,2,1,0,1,1,3,7.0,7.0,10.0,2.0,No effect
61.0,2.5,Yes,Jazz,84.0,2,0,0,1,2,0,3,2,3,2,0,2,2,0,0,0,9.0,7.0,3.0,3.0,Improve
18.0,4.0,Yes,R&B,107.0,0,0,1,0,1,3,0,3,2,2,0,2,3,3,0,1,7.0,2.0,5.0,9.0,Improve
18.0,5.0,Yes,Jazz,86.0,1,2,0,0,0,2,3,3,1,3,1,3,3,3,3,0,8.0,8.0,7.0,7.0,Improve
18.0,3.0,Yes,Video game music,66.0,2,0,1,2,1,1,2,0,1,1,1,1,1,0,0,2,4.0,8.0,6.0,0.0,Improve
21.0,1.0,Yes,K pop,95.0,0,0,1,0,0,3,1,3,0,2,0,2,2,1,0,1,5.0,3.0,5.0,3.0,Improve
19.0,6.0,Yes,Rock,94.0,0,3,0,2,0,0,0,0,0,0,3,0,0,0,3,0,2.0,0.0,0.0,0.0,Improve
18.0,1.0,Yes,R&B,155.0,1,1,1,1,2,1,1,0,1,1,0,2,2,1,2,2,2.0,2.0,5.0,1.0,Improve
18.0,3.0,Yes,Country,,0,3,0,0,0,0,0,0,0,0,0,1,1,0,1,0,7.0,7.0,4.0,7.0,No effect
19.0,8.0,Yes,EDM,125.0,1,0,3,0,0,2,1,1,1,1,0,1,1,2,1,1,1.0,0.0,0.0,1.0,Improve
19.0,2.0,Yes,Country,88.0,0,3,1,2,0,2,0,0,0,1,0,1,0,3,0,0,2.0,1.0,2.0,0.0,Improve
18.0,4.0,Yes,Jazz,148.0,3,1,0,0,0,0,3,0,2,1,2,2,0,0,2,1,6.0,4.0,7.0,0.0,Improve
17.0,2.0,No,Pop,,1,1,0,0,0,2,1,1,1,1,1,3,1,2,2,1,7.0,5.0,4.0,1.0,Worsen
16.0,8.0,Yes,Hip hop,103.0,0,0,0,0,0,3,0,0,0,0,0,0,2,3,0,1,8.0,8.0,4.0,3.0,Improve
16.0,12.0,Yes,Hip hop,120.0,1,0,2,1,0,3,1,0,0,0,2,2,1,2,3,0,5.0,7.0,10.0,0.0,Improve
17.0,24.0,Yes,Rap,99.0,1,0,0,0,0,2,2,2,1,0,2,1,2,3,3,0,7.0,5.0,0.0,3.0,Improve
15.0,3.0,No,Hip hop,120.0,0,0,0,0,0,3,1,0,0,0,1,1,2,3,1,0,7.0,3.0,0.0,2.0,Improve
15.0,8.0,Yes,Hip hop,120.0,1,0,2,1,0,3,2,3,2,1,1,3,1,3,2,2,6.0,9.0,3.0,0.0,Improve
17.0,4.0,Yes,Rap,125.0,0,1,1,0,0,2,0,0,0,1,1,2,0,3,2,0,10.0,10.0,2.0,4.0,Improve
19.0,5.0,Yes,R&B,118.0,1,1,2,3,1,3,2,0,0,1,1,1,3,3,2,1,6.0,7.0,5.0,4.0,Improve
18.0,2.0,Yes,Pop,79.0,1,1,2,0,0,1,0,1,2,0,0,3,0,0,0,1,3.0,3.0,8.0,6.0,No effect
16.0,3.0,Yes,Rock,84.0,1,1,0,1,2,2,2,0,1,0,2,0,2,1,3,2,10.0,6.0,8.0,10.0,Improve
18.0,2.0,No,Pop,169.0,2,1,1,3,1,1,1,3,0,2,0,3,2,2,2,0,7.0,4.0,2.0,5.0,Improve
14.0,12.0,Yes,Rock,136.0,2,2,1,1,1,3,2,0,0,3,0,3,3,3,3,2,8.0,6.0,10.0,5.0,Improve
18.0,6.0,Yes,Pop,101.0,2,1,1,1,1,2,2,0,0,0,0,3,2,2,0,0,3.0,2.0,1.0,2.0,Improve
17.0,2.0,Yes,Pop,126.0,0,3,1,1,0,0,1,2,3,1,1,3,1,0,2,2,6.0,6.0,4.0,5.0,Improve
17.0,1.0,Yes,Pop,183.0,1,0,0,1,0,0,2,0,0,0,2,2,0,0,2,0,8.0,2.0,1.0,5.0,Improve
20.0,5.0,Yes,Rock,,0,1,1,3,0,3,2,0,2,2,3,2,2,2,3,1,7.0,7.0,2.0,0.0,Improve
19.0,2.0,Yes,Classical,120.0,3,0,0,0,0,1,1,0,0,2,0,3,0,0,0,3,4.0,4.0,4.0,3.0,No effect
19.0,6.0,Yes,Metal,,0,0,0,1,0,1,2,1,0,2,3,2,0,0,2,2,9.0,8.0,2.0,3.0,Improve
17.0,4.0,No,Rock,142.0,1,1,1,3,0,2,1,1,0,1,1,3,1,2,3,1,5.0,6.0,6.0,1.0,Improve
16.0,1.0,Yes,Classical,75.0,3,0,0,1,0,0,0,0,0,0,1,0,0,0,0,1,0.0,0.0,0.0,0.0,No effect
18.0,5.0,Yes,Pop,120.0,2,1,2,1,2,2,1,2,1,2,1,3,2,2,1,0,3.0,2.0,1.0,1.0,Improve
21.0,4.0,Yes,Pop,89.0,0,0,1,0,0,2,0,1,1,0,0,3,0,1,0,0,6.0,8.0,0.0,2.0,Improve
17.0,3.0,Yes,Pop,,0,0,2,0,0,3,1,2,0,0,1,3,2,3,3,0,2.0,0.0,4.0,0.0,No effect
26.0,0.5,No,Rock,140.0,1,0,1,2,0,0,1,0,0,0,0,1,0,0,3,0,9.0,8.0,1.0,0.0,No effect
20.0,4.0,Yes,EDM,161.0,1,1,3,2,1,2,1,2,0,2,1,3,3,2,3,1,7.0,2.0,8.0,6.0,Improve
23.0,2.0,Yes,Video game music,80.0,2,1,0,1,2,0,2,1,1,1,1,2,2,1,2,3,4.0,2.0,3.0,4.0,Improve
18.0,5.0,Yes,Rock,130.0,3,0,0,2,0,2,2,1,0,2,3,2,1,2,3,2,7.0,6.0,5.0,0.0,Improve
37.0,0.25,No,Video game music,147.0,3,1,0,1,0,1,2,0,1,0,0,3,2,0,2,2,3.0,2.0,10.0,0.0,No effect
17.0,3.0,Yes,Classical,120.0,3,0,3,0,0,3,2,2,1,2,0,2,3,3,1,2,6.0,6.0,8.0,2.0,Improve
18.0,4.0,Yes,Metal,77.0,1,0,0,0,0,3,1,0,0,0,3,2,2,3,3,3,1.0,0.0,8.0,2.0,No effect
17.0,1.0,Yes,Folk,118.0,0,2,1,3,0,1,0,0,1,1,1,1,1,2,2,2,7.0,3.0,1.0,5.0,Improve
36.0,1.0,No,Classical,132.0,3,2,0,1,0,0,0,0,0,0,2,1,0,0,2,0,8.0,9.0,3.0,0.0,No effect
24.0,3.0,Yes,Rock,115.0,1,0,1,2,0,0,0,1,0,3,1,2,0,0,3,2,9.0,6.0,4.0,3.0,Improve
18.0,5.0,Yes,Metal,157.0,0,0,1,1,0,3,1,0,1,1,3,2,1,3,3,0,7.0,9.0,5.0,0.0,Improve
19.0,3.0,Yes,Pop,90.0,2,1,2,0,0,3,2,1,0,2,1,3,2,2,2,2,7.0,4.0,2.0,4.0,No effect
17.0,2.0,Yes,EDM,128.0,0,1,3,0,0,1,0,0,1,1,3,2,2,2,3,1,0.0,0.0,0.0,0.0,Improve
16.0,6.0,Yes,K pop,169.0,1,0,0,1,2,3,1,3,3,3,0,2,3,3,1,0,7.0,8.0,7.0,5.0,Improve
23.0,1.0,No,Rap,140.0,2,1,2,1,0,3,3,0,0,0,2,1,1,3,3,1,10.0,6.0,3.0,10.0,No effect
23.0,12.0,Yes,Pop,96.0,3,1,0,3,0,1,2,1,1,1,0,3,2,1,1,0,3.0,7.0,5.0,5.0,No effect
22.0,4.0,Yes,Rock,126.0,1,0,1,2,0,1,1,0,0,1,2,3,2,1,3,1,8.0,7.0,4.0,3.0,Improve
16.0,2.0,Yes,Classical,,3,0,0,0,0,1,2,0,0,0,0,1,1,1,2,1,0.0,0.0,1.0,3.0,Improve
18.0,6.0,Yes,Rock,91.0,1,0,0,1,0,0,0,0,0,0,3,1,0,2,3,0,8.0,6.0,2.0,10.0,No effect
42.0,0.0,,Rock,,1,1,0,0,0,0,1,0,0,0,2,1,1,0,2,2,9.0,0.0,10.0,0.0,No effect
23.0,7.0,Yes,Folk,55.0,1,3,0,3,3,2,1,0,1,0,2,2,1,1,1,2,6.0,4.0,2.0,3.0,Improve
23.0,1.0,Yes,Video game music,85.0,2,2,2,1,0,1,2,1,1,3,0,2,3,1,2,3,7.0,0.0,0.0,2.0,Improve
19.0,1.0,No,K pop,160.0,0,0,0,0,0,0,2,3,0,0,0,0,0,0,0,1,10.0,1.0,0.0,0.0,Improve
22.0,1.0,No,Rock,108.0,1,0,2,1,0,0,3,0,0,0,0,2,1,0,3,1,8.0,7.0,0.0,5.0,Improve
15.0,2.0,Yes,Rock,156.0,0,0,1,1,0,0,0,0,0,1,2,2,0,0,3,2,3.0,2.0,6.0,7.0,Improve
25.0,2.0,No,Metal,170.0,1,1,1,2,0,1,0,1,0,1,3,2,0,1,3,3,5.0,5.0,3.0,1.0,No effect
32.0,5.0,Yes,Rock,91.0,2,0,1,2,0,2,1,1,0,0,3,3,3,1,3,0,10.0,10.0,3.0,1.0,Worsen
36.0,6.0,Yes,Metal,174.0,3,0,1,3,0,0,0,2,0,1,3,1,0,0,2,3,5.0,4.0,10.0,2.0,Improve
24.0,3.0,No,Rock,130.0,2,2,0,1,0,0,1,0,1,0,3,3,0,0,3,0,0.0,0.0,8.0,0.0,No effect
29.0,4.0,No,Hip hop,140.0,1,2,1,0,1,3,1,1,1,1,0,2,2,2,2,0,8.0,8.0,5.0,10.0,Improve
41.0,3.0,Yes,Metal,130.0,2,0,2,0,0,1,1,0,0,2,2,2,0,1,1,0,10.0,7.0,8.0,0.0,Improve
36.0,2.0,Yes,Rock,127.0,2,1,3,2,1,1,3,0,0,0,3,2,1,1,3,2,7.0,3.0,1.0,1.0,Improve
19.0,3.0,Yes,Rock,160.0,1,2,2,1,0,2,1,0,2,2,2,2,3,3,3,1,8.0,7.0,4.0,0.0,Improve
31.0,2.0,Yes,Rock,,0,2,0,1,2,0,2,1,0,0,2,3,0,0,3,0,10.0,2.0,0.0,5.0,No effect
16.0,4.0,Yes,Rock,,2,1,1,2,0,1,1,1,1,2,2,3,1,1,3,3,9.0,8.0,1.0,2.0,Improve
26.0,2.0,Yes,Hip hop,165.0,1,1,3,1,1,3,1,1,1,1,1,2,1,3,3,1,6.0,3.0,1.0,1.0,Improve
22.0,0.5,No,Hip hop,113.0,2,0,0,0,0,3,1,0,1,0,0,2,2,3,0,0,7.0,7.0,0.0,1.0,No effect
16.0,5.0,Yes,Jazz,167.0,2,1,0,0,1,1,3,3,1,0,0,3,1,3,2,0,7.0,7.0,8.0,4.0,Improve
17.0,5.0,Yes,Metal,95.0,0,2,1,1,0,0,0,0,0,0,3,1,0,0,3,2,4.0,1.0,0.0,0.0,Improve
19.0,10.0,Yes,R&B,110.0,0,1,3,0,0,2,0,3,0,0,0,1,3,1,0,0,7.0,2.0,1.0,5.0,Improve
18.0,2.0,No,EDM,150.0,2,1,3,0,1,1,1,0,0,2,0,3,1,2,1,3,9.0,0.0,5.0,10.0,Improve
18.0,4.0,Yes,Hip hop,93.0,0,0,1,0,0,3,2,2,1,2,0,3,3,3,2,1,2.0,7.0,1.0,1.0,Improve
19.0,5.0,No,Rock,90.0,1,0,0,1,0,2,3,0,3,1,2,1,2,1,3,1,10.0,8.0,7.0,0.0,Improve
19.0,3.0,Yes,Jazz,118.0,1,0,1,0,0,3,3,1,2,3,0,2,2,2,1,3,3.0,0.0,0.0,0.0,Improve
22.0,2.0,Yes,K pop,126.0,0,0,3,0,0,2,0,3,0,0,0,2,0,2,3,1,7.0,8.0,5.0,1.0,No effect
16.0,2.5,Yes,Rock,103.0,1,2,0,3,0,1,2,0,2,2,1,3,1,0,3,1,2.0,1.0,0.0,0.0,Improve
19.0,3.0,Yes,R&B,77.0,1,0,2,0,0,3,1,3,1,1,1,3,3,3,1,3,5.0,4.0,0.0,1.0,Improve
37.0,1.0,Yes,Rock,115.0,1,1,1,1,0,1,1,1,0,1,1,2,1,1,3,0,9.0,10.0,6.0,10.0,No effect
14.0,7.0,Yes,Jazz,110.0,1,0,3,0,0,0,3,0,2,0,0,2,0,0,3,3,2.0,0.0,0.0,0.0,Improve
33.0,1.0,No,Metal,,1,2,2,0,0,2,0,0,1,0,3,2,1,2,2,2,5.0,2.0,5.0,1.0,Improve
26.0,1.0,No,R&B,113.0,1,2,0,2,0,3,3,0,0,0,3,3,3,3,3,0,3.0,2.0,0.0,0.0,No effect
32.0,3.0,Yes,Hip hop,157.0,0,0,1,0,0,3,0,0,2,1,0,2,3,3,1,0,2.0,0.0,7.0,0.0,No effect
30.0,5.0,Yes,Metal,160.0,2,1,0,2,0,1,0,0,0,0,3,2,0,0,3,0,7.0,6.0,6.0,2.0,No effect
43.0,6.0,Yes,Video game music,109.0,2,1,3,1,1,1,1,2,1,3,1,2,1,0,2,3,5.0,4.0,8.0,3.0,No effect
24.0,4.0,Yes,Classical,175.0,3,1,1,0,0,1,1,0,0,0,2,3,1,0,3,1,4.0,6.0,5.0,3.0,Improve
36.0,1.0,Yes,Rock,110.0,2,1,0,0,0,0,0,0,0,0,1,2,1,1,3,0,6.0,2.0,3.0,1.0,Improve
19.0,4.0,Yes,Video game music,162.0,1,0,1,0,0,1,2,0,0,2,0,2,0,0,1,3,8.0,2.0,1.0,6.0,Improve
22.0,10.0,Yes,Metal,189.0,1,3,0,3,0,0,1,0,0,0,3,1,0,1,2,2,9.0,6.0,0.0,6.0,Improve
20.0,3.0,No,EDM,121.0,1,2,3,0,0,2,0,1,0,2,0,2,0,2,2,1,0.0,3.0,7.0,0.0,Improve
31.0,2.0,No,Rock,200.0,1,1,0,1,0,1,1,0,0,1,2,2,0,1,3,0,8.0,9.0,6.0,2.0,Improve
19.0,4.0,Yes,Metal,105.0,2,0,0,0,0,2,2,1,0,0,2,2,1,2,3,1,4.0,1.0,1.0,1.0,Improve
15.0,8.0,Yes,Rock,193.0,0,0,0,0,0,0,0,0,0,0,2,1,0,0,3,1,8.0,7.0,5.0,0.0,Improve
18.0,2.0,No,Metal,149.0,0,0,1,0,0,2,0,0,0,0,3,2,0,1,3,1,3.0,4.0,6.0,1.0,Improve
25.0,0.5,No,Classical,140.0,3,0,0,0,1,0,2,0,2,0,1,1,1,0,3,2,1.0,1.0,3.0,1.0,Improve
17.0,5.0,Yes,Metal,134.0,0,1,0,0,0,2,0,0,0,1,3,2,2,2,3,1,10.0,8.0,6.0,7.0,No effect
28.0,1.0,No,Rock,120.0,1,0,3,2,0,0,0,0,0,1,1,1,0,0,2,1,6.0,6.0,2.0,0.0,No effect
20.0,3.0,Yes,Rock,170.0,0,0,1,0,0,1,0,2,0,1,1,2,2,1,3,2,6.0,7.0,0.0,0.0,Improve
21.0,2.0,Yes,Metal,107.0,2,1,0,3,0,0,1,0,0,1,3,1,0,1,2,3,8.0,4.0,10.0,0.0,No effect
41.0,3.0,Yes,Pop,113.0,2,0,1,1,1,3,2,1,1,0,1,3,3,2,3,0,9.0,7.0,6.0,2.0,No effect
20.0,2.0,Yes,Pop,126.0,0,0,2,0,0,1,0,0,0,0,0,3,0,1,3,2,7.0,4.0,6.0,5.0,Improve
34.0,4.0,Yes,Metal,161.0,1,0,2,0,0,2,1,0,0,0,3,1,0,2,2,1,6.0,7.0,0.0,0.0,No effect
21.0,3.0,Yes,Metal,,2,1,0,2,0,0,0,0,0,0,3,3,0,0,3,1,10.0,0.0,10.0,10.0,Improve
23.0,2.0,Yes,Metal,100.0,1,0,0,1,0,0,0,0,0,2,3,1,0,0,2,1,6.0,3.0,0.0,1.0,Improve
16.0,3.0,No,Pop,140.0,1,0,0,0,0,2,1,0,1,0,0,3,2,1,0,0,7.0,5.0,5.0,3.0,Improve
19.0,4.0,Yes,Pop,156.0,1,1,1,1,0,2,1,1,0,0,1,3,1,2,2,2,7.0,10.0,5.0,0.0,Improve
22.0,2.0,Yes,Rock,98.0,2,0,0,1,0,2,2,0,2,1,1,3,2,2,3,2,8.0,6.0,0.0,0.0,Improve
19.0,8.0,Yes,K pop,100.0,3,0,1,0,0,2,2,3,0,3,0,3,2,1,1,1,4.0,3.0,0.0,0.0,Improve
23.0,4.0,Yes,Hip hop,78.0,1,0,2,2,0,3,1,3,2,3,1,3,3,3,2,2,7.0,6.0,7.0,5.0,Improve
23.0,2.0,No,Metal,117.0,0,0,1,0,0,1,1,0,0,0,3,0,0,1,2,0,7.0,3.0,2.0,3.0,Improve
22.0,1.0,No,EDM,128.0,0,0,3,0,1,2,2,0,0,0,0,3,3,2,2,0,2.0,7.0,5.0,0.0,Improve
17.0,3.0,Yes,Rock,130.0,1,2,2,2,0,1,1,1,0,3,2,3,3,2,3,2,7.0,8.0,6.0,5.0,Improve
28.0,0.5,No,Folk,130.0,1,2,0,3,0,1,1,0,0,0,0,2,0,1,3,1,4.0,7.0,1.0,0.0,Improve
23.0,2.0,No,Rock,,0,0,0,0,0,2,0,2,0,0,3,3,0,2,3,2,7.0,8.0,5.0,1.0,No effect
19.0,3.0,Yes,Rock,126.0,0,2,2,0,0,3,0,0,0,1,1,1,1,2,3,2,5.0,2.0,8.0,6.0,Improve
17.0,2.0,Yes,Hip hop,122.0,1,0,2,2,0,3,2,1,1,1,3,1,1,3,3,0,10.0,7.0,4.0,2.0,Improve
21.0,1.0,No,Rock,179.0,0,1,0,1,0,2,1,0,0,3,2,1,2,2,3,1,6.0,5.0,0.0,0.0,No effect
29.0,5.0,Yes,Jazz,200.0,1,0,0,1,0,0,3,0,1,1,1,0,2,0,3,2,7.0,2.0,3.0,1.0,Improve
22.0,10.0,No,EDM,128.0,2,2,3,3,0,0,1,0,0,0,1,0,1,0,2,2,4.0,7.0,7.0,3.0,Improve
18.0,4.0,Yes,Pop,130.0,2,1,2,1,0,1,2,2,2,2,3,3,1,1,3,3,4.0,5.0,6.0,5.0,Improve
13.0,2.0,Yes,Rock,120.0,1,0,2,3,1,2,0,0,0,2,2,3,1,3,3,3,7.0,10.0,5.0,6.0,Worsen
24.0,1.0,No,Metal,86.0,2,0,1,1,0,1,0,0,0,0,3,2,2,2,3,1,6.0,4.0,5.0,0.0,Improve
35.0,6.0,Yes,Rock,166.0,2,1,2,3,0,1,2,1,1,2,2,2,1,1,3,2,4.0,1.0,3.0,1.0,No effect
29.0,1.0,Yes,Video game music,110.0,2,0,0,1,2,0,1,0,0,0,0,2,1,0,2,2,6.0,6.0,1.0,2.0,Improve
28.0,6.0,Yes,Rock,144.0,2,1,0,2,0,1,1,0,1,1,2,2,2,1,3,3,10.0,8.0,7.0,1.0,Improve
32.0,7.0,Yes,Pop,120.0,2,0,1,0,0,2,1,0,0,1,1,3,3,3,3,3,10.0,8.0,2.0,8.0,Improve
32.0,1.0,No,EDM,120.0,1,0,3,1,1,2,1,0,1,1,0,2,1,1,1,0,3.0,6.0,2.0,0.0,No effect
21.0,3.0,Yes,Rock,160.0,0,0,0,3,0,2,0,0,0,2,3,1,0,1,3,2,8.0,9.0,2.0,0.0,Improve
18.0,2.0,Yes,Video game music,101.0,0,0,2,0,0,1,0,0,0,1,0,1,0,0,2,3,8.0,3.0,8.0,7.0,Improve
19.0,3.0,Yes,Classical,122.0,3,1,0,0,0,0,0,1,0,2,0,3,0,0,1,2,3.0,3.0,1.0,2.0,Improve
18.0,2.0,Yes,Pop,,1,1,0,0,0,1,0,3,1,1,1,3,1,1,1,0,6.0,5.0,2.0,0.0,Improve
16.0,3.0,Yes,Pop,,1,2,2,0,0,1,0,2,0,2,0,3,0,1,3,1,0.0,0.0,4.0,0.0,No effect
25.0,1.5,Yes,Pop,61.0,2,1,1,2,0,1,0,0,0,1,1,3,3,1,3,0,6.0,5.0,0.0,2.0,Improve
17.0,4.0,Yes,Lofi,79.0,3,0,0,0,2,2,1,2,0,3,0,3,2,2,1,3,3.0,8.0,0.0,0.0,Improve
16.0,2.0,Yes,Rap,126.0,3,0,0,0,0,3,0,2,0,1,0,3,3,3,0,2,1.0,8.0,0.0,0.0,No effect
27.0,10.0,Yes,Metal,185.0,2,0,2,0,0,2,1,0,0,1,3,3,1,2,3,1,5.0,6.0,6.0,3.0,Improve
53.0,7.0,Yes,Pop,92.0,3,2,3,1,1,2,2,1,2,1,1,3,3,1,3,1,0.0,0.0,0.0,0.0,Improve
25.0,1.0,Yes,EDM,107.0,0,0,3,0,0,1,0,1,0,1,0,0,0,0,1,1,0.0,8.0,0.0,0.0,Improve
34.0,2.0,No,Metal,120.0,0,0,1,0,0,0,0,0,0,0,3,1,0,0,2,0,3.0,7.0,0.0,0.0,Improve
22.0,6.0,Yes,Jazz,140.0,2,1,3,3,1,3,3,1,2,2,2,3,3,3,2,2,8.0,8.0,8.0,5.0,Improve
17.0,2.0,Yes,Jazz,94.0,2,0,0,0,0,1,2,0,0,1,2,3,0,1,3,1,5.0,2.0,3.0,4.0,Improve
26.0,3.0,Yes,Folk,160.0,1,1,0,3,1,1,2,0,0,1,1,2,2,1,2,2,8.0,8.0,3.0,0.0,Improve
19.0,8.0,Yes,EDM,174.0,0,0,3,0,0,2,0,1,0,0,1,2,2,2,2,0,6.0,8.0,8.0,0.0,Improve
21.0,3.0,Yes,Pop,136.0,1,3,2,1,0,3,1,0,3,2,1,3,3,3,2,2,6.0,8.0,6.0,0.0,Worsen
32.0,3.0,Yes,Rock,144.0,1,1,2,3,0,2,1,0,2,3,1,2,3,1,3,1,6.0,6.0,7.0,5.0,Improve
21.0,3.0,Yes,Rock,77.0,0,0,0,2,2,2,2,0,1,0,1,1,1,2,3,3,9.0,10.0,3.0,0.0,No effect
25.0,2.0,No,Pop,120.0,1,0,0,1,0,2,0,0,2,0,0,3,2,3,3,1,7.0,7.0,5.0,0.0,Improve
26.0,1.0,No,Rock,,1,0,1,1,0,1,1,0,0,1,2,2,1,2,3,0,10.0,7.0,2.0,8.0,No effect
21.0,2.0,Yes,Metal,,1,0,0,2,0,1,0,0,0,1,3,1,0,1,3,2,1.0,3.0,0.0,6.0,No effect
17.0,2.0,Yes,Pop,,1,0,0,0,0,1,3,3,0,3,0,3,3,2,0,2,5.0,3.0,2.0,1.0,Improve
28.0,4.0,Yes,Rock,194.0,1,2,1,1,0,2,2,1,0,0,2,2,1,1,3,2,6.0,8.0,1.0,6.0,Improve
41.0,4.0,Yes,Pop,60.0,1,0,2,3,0,3,2,1,1,2,1,3,3,2,3,1,7.0,2.0,0.0,7.0,Improve
18.0,1.0,Yes,Metal,190.0,1,0,1,0,0,2,0,0,0,0,3,1,0,2,3,2,6.0,9.0,9.0,0.0,Improve
22.0,2.0,No,R&B,87.0,2,0,0,0,0,1,0,3,3,2,0,2,3,1,1,2,1.0,1.0,4.0,1.0,No effect
49.0,1.0,Yes,EDM,156.0,2,0,3,2,0,2,1,1,1,2,2,2,1,1,3,2,8.0,8.0,2.0,0.0,Improve
21.0,3.0,Yes,Metal,150.0,2,1,1,2,0,1,1,1,0,2,3,3,1,2,3,2,3.0,3.0,7.0,0.0,No effect
27.0,10.0,Yes,Metal,194.0,0,1,2,2,0,2,1,1,1,2,3,3,2,2,3,2,8.0,8.0,3.0,0.0,Improve
19.0,1.0,No,Metal,160.0,0,0,0,0,0,1,0,0,0,2,3,2,1,1,3,0,6.0,4.0,0.0,3.0,No effect
27.0,3.0,Yes,Metal,171.0,2,0,0,1,0,2,1,0,0,1,3,0,1,2,2,1,1.0,0.0,0.0,0.0,Improve
27.0,1.5,Yes,Rock,95.0,0,0,0,1,0,2,0,1,0,1,3,2,0,2,3,2,5.0,5.0,4.0,4.0,Improve
42.0,2.5,Yes,Rock,148.0,2,1,3,1,0,2,3,0,1,1,2,1,1,1,2,1,8.0,8.0,7.0,6.0,Improve
60.0,2.0,Yes,Gospel,119.0,1,2,0,1,3,0,0,0,1,0,0,2,1,0,2,0,3.0,0.0,2.0,0.0,Improve
19.0,5.0,Yes,Metal,136.0,2,1,1,2,2,2,1,0,0,3,3,0,0,2,3,2,0.0,5.0,1.0,0.0,No effect
20.0,2.0,Yes,Pop,141.0,1,0,0,1,0,2,1,0,0,2,0,3,2,1,2,1,6.0,3.0,0.0,0.0,Improve
28.0,2.0,No,Metal,146.0,1,0,0,1,0,1,0,0,0,0,3,1,0,0,2,1,1.0,7.0,5.0,1.0,Improve
16.0,2.0,No,Video game music,,2,1,0,0,1,2,2,1,0,2,0,2,2,1,1,2,4.0,2.0,1.0,1.0,No effect
18.0,2.0,Yes,R&B,164.0,2,0,0,0,0,1,0,0,0,1,0,3,3,1,0,0,5.0,6.0,0.0,1.0,No effect
34.0,1.0,Yes,Rock,,1,0,3,0,0,0,0,3,0,1,3,1,0,0,3,3,1.0,0.0,0.0,0.0,No effect
18.0,1.5,Yes,Pop,,0,1,1,0,0,1,3,2,1,3,0,3,2,1,1,3,8.0,6.0,5.0,2.0,Improve
21.0,5.0,Yes,Folk,128.0,2,1,0,3,1,1,2,0,1,2,1,3,2,1,3,1,9.0,4.0,0.0,3.0,Improve
38.0,0.5,No,Rock,,0,0,1,2,1,2,1,0,2,0,0,3,2,1,3,0,4.0,6.0,6.0,4.0,Improve
17.0,2.0,Yes,Rock,,0,1,1,1,0,0,0,1,0,2,1,2,0,1,3,3,7.0,3.0,1.0,5.0,Improve
35.0,0.5,No,Pop,,2,0,0,2,0,0,0,0,0,1,0,3,1,0,2,1,10.0,3.0,1.0,0.0,No effect
21.0,2.0,Yes,Rock,101.0,1,2,1,2,0,3,1,0,3,3,3,3,3,3,3,1,8.0,8.0,3.0,0.0,Improve
25.0,2.5,Yes,R&B,,1,0,0,1,1,2,1,0,3,3,1,2,3,2,2,2,7.0,6.0,5.0,4.0,Improve
18.0,2.0,Yes,K pop,98.0,3,0,0,1,1,2,2,3,1,3,0,2,3,2,0,1,7.0,2.0,3.0,5.0,Improve
16.0,2.0,No,Pop,145.0,0,2,1,2,1,1,0,1,0,2,0,3,1,1,3,1,10.0,3.5,5.0,10.0,Improve
19.0,1.0,Yes,Pop,94.0,1,2,1,1,0,2,1,0,0,1,1,3,2,2,3,0,7.0,5.0,1.0,2.0,Improve
31.0,4.0,Yes,Classical,103.0,3,0,1,0,1,2,1,0,2,0,2,1,0,2,2,0,6.0,8.0,9.0,5.0,Improve
26.0,5.0,Yes,Rock,,0,0,2,0,0,0,0,0,0,0,0,3,0,0,3,0,2.0,9.0,2.0,1.0,No effect
16.0,2.0,Yes,Rock,112.0,1,0,3,1,0,0,0,0,0,1,1,2,1,0,3,3,7.0,4.0,10.0,2.0,Improve
26.0,2.0,Yes,Rock,,3,1,1,3,0,1,0,0,0,2,2,1,0,1,3,3,7.0,5.0,6.0,0.0,Improve
17.0,2.0,Yes,R&B,118.0,1,1,0,0,2,2,1,3,0,1,0,2,3,2,0,1,6.0,1.0,0.0,0.0,Improve
22.0,1.0,Yes,Video game music,,2,2,1,3,0,0,0,1,1,0,3,1,0,0,3,3,3.0,6.0,1.0,1.0,Improve
20.0,4.0,Yes,R&B,113.0,2,1,0,1,0,2,2,1,0,1,0,2,3,3,3,1,9.0,10.0,3.0,0.0,Improve
30.0,1.0,No,Rock,162.0,2,2,1,2,0,1,0,0,0,0,2,2,0,1,3,0,8.0,5.0,8.0,9.0,Improve
26.0,4.0,Yes,Pop,,1,3,1,0,0,1,1,0,2,0,1,3,1,0,2,0,8.0,7.0,7.0,3.0,Improve
19.0,5.0,Yes,Rock,111.0,2,1,0,2,1,1,2,1,1,1,3,2,1,1,3,2,9.0,9.0,9.0,3.0,No effect
21.0,5.0,Yes,Country,85.0,0,3,1,2,0,1,0,0,0,0,2,2,0,1,3,0,9.0,8.0,9.0,7.0,Improve
33.0,7.0,Yes,Rock,134.0,1,2,2,2,1,3,1,1,2,2,2,3,3,3,3,2,9.0,3.0,7.0,8.0,Improve
28.0,2.0,Yes,Rock,172.0,0,1,1,1,0,2,0,1,0,2,1,2,3,1,3,1,10.0,8.0,6.0,2.0,Improve
25.0,3.0,Yes,Rock,180.0,1,0,2,2,0,1,0,1,0,2,3,2,1,1,3,2,9.0,6.0,3.0,0.0,Improve
22.0,2.0,Yes,Pop,120.0,1,0,1,1,1,1,1,0,0,1,0,3,1,1,2,2,7.0,7.0,8.0,3.0,Improve
19.0,3.0,Yes,Rock,76.0,2,0,2,2,0,0,0,0,0,1,1,1,1,0,3,1,9.0,10.0,4.0,0.0,Improve
44.0,3.0,Yes,Folk,130.0,1,1,1,3,1,2,1,0,1,2,0,1,2,2,1,2,9.0,9.0,8.0,2.0,Improve
22.0,3.0,Yes,Rock,,0,1,0,3,0,1,0,0,0,0,3,1,0,0,3,1,9.0,10.0,3.0,9.0,Improve
26.0,5.0,Yes,Metal,109.0,2,1,3,1,1,1,2,2,0,1,3,2,2,1,2,2,10.0,9.0,8.0,8.0,Improve
23.0,6.0,Yes,Classical,96.0,3,0,0,1,0,0,0,0,1,0,0,1,0,0,0,1,6.0,5.0,6.0,8.0,Improve
17.0,2.0,No,R&B,148.0,2,0,1,0,0,3,1,1,0,1,0,2,3,2,0,1,8.0,6.0,10.0,3.0,Improve
42.0,2.0,No,Metal,,2,1,2,1,0,2,0,0,0,0,3,2,2,2,3,1,8.0,3.0,6.0,4.0,Improve
30.0,1.0,No,Rock,129.0,1,0,1,1,0,1,1,0,1,1,1,3,1,1,3,1,4.0,2.0,1.0,3.0,Improve
35.0,1.0,Yes,Pop,81.0,2,1,2,1,0,2,1,1,0,0,0,3,1,1,2,1,2.0,1.0,1.0,1.0,No effect
20.0,3.0,No,Rock,136.0,0,3,0,0,0,0,0,0,0,0,3,3,0,2,3,1,10.0,10.0,7.0,3.0,Improve
18.0,3.0,Yes,Rap,155.0,1,0,0,2,0,3,2,0,2,2,0,3,1,3,3,3,8.0,9.0,0.0,0.0,Improve
21.0,1.0,No,Pop,,0,0,2,0,0,1,0,2,2,1,0,3,2,1,2,1,4.0,9.0,6.0,2.0,No effect
19.0,6.0,Yes,Rock,52.0,0,0,1,3,0,1,1,0,3,1,2,3,1,2,3,1,4.0,2.0,0.0,0.0,Improve
37.0,4.0,Yes,Rock,97.0,1,2,2,2,0,3,1,0,0,2,2,2,3,3,3,0,9.0,2.0,7.0,7.0,Improve
31.0,2.0,Yes,Metal,92.0,2,1,1,2,0,2,1,1,2,3,3,2,2,2,3,3,8.0,6.0,7.0,5.0,Improve
29.0,2.0,Yes,Folk,100.0,0,2,1,3,2,1,1,1,1,1,2,1,3,1,3,1,6.0,5.0,4.0,2.0,Improve
20.0,3.0,Yes,Rock,120.0,2,1,1,3,0,1,2,0,0,2,2,3,1,1,3,2,8.0,5.0,2.0,3.0,Improve
36.0,8.0,Yes,Video game music,143.0,2,1,2,1,0,1,1,0,0,0,3,1,0,1,2,3,7.0,6.0,6.0,1.0,No effect
18.0,3.0,Yes,Rock,118.0,2,0,0,1,0,0,2,0,0,1,1,2,0,0,3,1,10.0,2.0,0.0,0.0,Improve
18.0,2.0,Yes,K pop,130.0,1,0,2,0,0,0,0,3,0,0,1,2,0,0,1,0,6.0,0.0,0.0,0.0,Improve
25.0,7.0,Yes,Pop,120.0,0,2,3,1,1,2,0,3,1,1,1,3,2,2,1,2,2.0,0.0,1.0,0.0,Improve
18.0,12.0,Yes,K pop,126.0,0,0,0,0,0,2,0,3,2,0,1,3,2,2,1,0,3.0,7.0,5.0,2.0,Improve
31.0,9.0,Yes,Pop,158.0,1,1,1,2,0,0,1,1,1,3,2,3,0,1,2,2,9.0,0.0,2.0,0.0,Improve
17.0,2.0,Yes,Pop,160.0,1,1,1,1,1,2,2,2,0,0,1,3,1,2,2,0,5.0,4.0,1.0,1.0,Improve
21.0,1.0,Yes,Folk,,0,1,0,3,0,1,2,0,0,1,1,1,0,0,2,3,8.0,4.0,0.0,1.0,Improve
30.0,1.0,No,Country,119.0,0,3,0,0,0,2,0,0,0,0,0,3,1,2,2,1,8.0,10.0,2.0,0.0,Improve
40.0,2.0,Yes,Metal,120.0,2,0,2,1,0,1,1,0,0,1,3,1,1,1,3,0,3.0,6.0,2.0,1.0,No effect
64.0,4.0,Yes,Rock,200.0,2,1,2,1,0,1,2,1,1,0,1,2,1,1,2,1,4.0,4.0,2.0,1.0,Improve
14.0,2.0,Yes,Rock,136.0,1,0,0,2,0,2,1,0,0,0,2,3,1,2,3,1,7.0,5.0,2.0,6.0,Improve
26.0,6.0,Yes,Rock,104.0,2,0,0,1,0,1,2,0,0,0,1,2,0,1,3,0,3.0,2.0,0.0,0.0,No effect
35.0,4.0,Yes,Country,90.0,1,3,1,2,1,3,2,1,2,2,2,2,1,2,3,0,9.0,9.0,5.0,1.0,Improve
33.0,1.0,No,Rock,120.0,0,0,0,0,0,2,0,0,1,0,0,2,1,1,3,0,3.0,10.0,4.0,1.0,No effect
30.0,6.0,Yes,Folk,89.0,2,1,0,3,1,0,1,0,0,2,2,1,0,0,3,0,9.0,0.0,5.0,0.0,No effect
31.0,2.0,No,Metal,95.0,2,2,2,1,0,1,0,0,0,1,3,3,1,2,3,2,7.0,6.0,6.0,5.0,Improve
27.0,5.0,Yes,Folk,140.0,1,0,2,3,2,1,1,2,2,3,2,3,2,0,3,3,0.0,9.0,4.0,0.0,Improve
53.0,1.5,No,Pop,92.0,1,0,3,2,0,2,0,1,2,0,0,3,1,2,2,0,2.0,2.0,2.0,1.0,No effect
23.0,5.0,Yes,Metal,120.0,2,1,0,1,0,0,1,0,0,0,3,1,0,0,3,0,6.0,9.0,2.0,1.0,Improve
25.0,2.0,Yes,EDM,128.0,1,1,3,1,0,2,2,2,0,1,3,3,1,2,3,1,6.0,4.0,1.0,0.0,Improve
16.0,4.0,Yes,K pop,140.0,3,1,1,2,1,3,2,3,2,3,3,3,2,1,2,1,8.0,9.0,4.0,0.0,Improve
18.0,2.0,Yes,Rock,,0,0,1,1,0,1,0,0,0,1,0,1,0,1,3,0,6.0,7.0,4.0,3.0,Improve
29.0,5.0,Yes,Classical,,3,0,0,1,0,0,1,0,0,0,1,2,1,0,2,0,7.0,2.0,2.0,0.0,Improve
31.0,6.0,Yes,EDM,136.0,1,1,3,1,0,2,0,0,0,1,1,2,2,2,2,2,8.0,6.0,5.0,6.0,No effect
31.0,1.0,No,Rock,132.0,2,1,0,0,0,1,0,0,2,0,2,1,1,1,3,2,3.0,10.0,0.0,0.0,Worsen
38.0,6.0,Yes,Pop,107.0,3,2,2,2,2,3,3,1,2,2,1,3,3,3,2,0,9.0,4.0,9.0,7.0,Improve
17.0,4.0,No,Classical,135.0,3,0,0,0,0,3,3,1,3,2,2,1,2,1,0,1,7.0,9.0,2.0,8.0,Worsen
25.0,2.0,No,EDM,171.0,0,2,3,1,0,0,0,0,0,0,1,2,0,0,3,1,10.0,3.0,1.0,4.0,Improve
20.0,2.0,No,Metal,220.0,1,0,0,0,0,0,1,0,0,0,3,0,0,1,2,1,0.0,0.0,0.0,1.0,No effect
15.0,2.0,Yes,EDM,171.0,0,0,3,0,0,2,0,0,0,0,0,1,1,2,0,1,9.0,6.0,1.0,7.0,No effect
16.0,4.0,Yes,Lofi,85.0,1,1,3,1,0,1,1,0,0,3,1,2,0,1,1,3,7.0,1.0,3.0,5.0,Improve
20.0,2.0,Yes,EDM,174.0,2,0,3,0,0,2,0,2,0,0,0,2,0,0,2,2,9.0,7.0,5.0,7.0,Improve
23.0,6.0,Yes,Rap,87.0,0,0,2,2,0,1,0,2,2,0,0,3,3,2,1,0,3.0,1.0,2.0,7.0,Improve
22.0,3.0,Yes,Hip hop,77.0,1,0,2,1,0,3,1,0,2,1,2,3,2,3,2,1,6.0,6.0,8.0,0.0,Improve
15.0,5.0,Yes,Rock,126.0,1,0,3,1,0,0,0,0,0,2,1,3,0,0,3,2,10.0,6.0,0.0,4.0,Improve
17.0,0.5,Yes,Video game music,136.0,1,2,2,0,0,0,1,0,0,0,1,2,1,1,2,3,6.0,3.0,1.0,1.0,Improve
22.0,1.0,Yes,Video game music,80.0,1,0,1,2,0,1,0,0,0,2,0,1,0,0,1,3,3.0,3.0,0.0,7.0,No effect
21.0,10.0,Yes,Metal,92.0,0,1,1,0,0,3,0,1,0,0,3,2,2,3,3,2,9.0,10.0,2.0,2.0,No effect
19.0,2.0,Yes,Pop,120.0,1,0,2,1,0,1,2,2,2,2,0,3,3,2,3,3,7.0,5.0,0.0,2.0,No effect
32.0,0.5,No,Classical,,3,0,2,1,0,0,1,0,0,0,2,1,0,0,3,1,3.0,0.0,4.0,4.0,No effect
34.0,1.0,No,Rock,138.0,1,0,0,2,0,1,0,0,1,0,0,1,0,2,3,0,9.0,9.0,6.0,4.0,Improve
18.0,2.0,Yes,Metal,150.0,2,0,1,0,0,0,0,0,0,0,3,1,0,1,3,2,5.0,7.0,7.0,2.0,Improve
21.0,3.0,Yes,Country,108.0,1,3,0,2,1,1,0,0,0,0,1,2,0,0,3,2,0.0,8.0,0.0,5.0,Improve
20.0,3.0,No,Country,119.0,1,3,1,2,0,2,1,2,0,0,0,3,3,1,2,0,8.0,4.0,3.0,4.0,Improve
19.0,2.0,Yes,Country,125.0,1,3,1,2,1,0,0,0,1,1,2,1,0,0,2,0,7.0,2.0,0.0,7.0,No effect
25.0,1.0,No,Pop,,1,0,0,1,0,1,1,0,0,1,1,3,1,1,3,3,9.0,9.0,6.0,9.0,No effect
31.0,8.0,Yes,Classical,,3,0,1,1,0,0,2,0,0,0,0,0,0,0,1,1,5.0,7.0,5.0,4.0,Improve
21.0,1.0,Yes,Pop,85.0,3,1,1,2,0,1,0,2,0,1,3,3,2,3,2,3,5.0,1.0,0.0,0.0,Improve
31.0,1.0,No,Folk,113.0,3,0,0,2,0,1,0,0,1,0,0,0,0,0,2,0,4.0,1.0,3.0,0.0,Improve
20.0,1.0,No,Pop,86.0,1,0,0,1,0,0,0,0,0,1,1,3,0,0,2,0,3.0,5.0,3.0,0.0,Improve
19.0,5.0,Yes,Rock,141.0,2,1,0,0,0,1,2,0,0,0,3,2,2,1,3,0,2.0,2.0,0.0,6.0,Improve
19.0,5.0,Yes,EDM,97.0,1,0,3,2,0,2,1,0,2,3,3,1,0,3,2,1,0.0,1.0,3.0,5.0,Improve
23.0,4.0,Yes,Metal,,1,2,2,0,0,2,0,1,0,2,3,3,3,3,3,1,7.0,8.0,6.0,2.0,Improve
24.0,8.0,Yes,Video game music,120.0,2,1,3,1,1,3,3,1,1,3,3,1,1,2,3,3,6.0,4.0,8.0,8.0,Improve
20.0,0.7,No,Rock,144.0,1,0,0,0,0,0,0,0,0,2,1,3,1,0,3,1,5.0,6.0,8.0,2.0,Improve
15.0,3.0,No,Video game music,84.0,1,1,2,1,1,2,1,0,0,3,1,3,0,0,3,3,6.0,6.0,2.0,6.0,No effect
17.0,7.0,Yes,Hip hop,84.0,0,0,1,0,1,3,0,0,0,1,1,1,1,3,1,1,8.0,9.0,3.0,4.0,Improve
20.0,1.5,No,Video game music,60.0,3,0,0,1,1,0,0,0,2,0,0,0,0,0,0,3,8.0,4.0,3.0,3.0,Worsen
14.0,4.0,Yes,Video game music,81.0,2,0,2,1,0,1,2,2,0,3,0,2,1,1,0,3,8.0,6.0,5.0,7.0,Improve
24.0,4.0,Yes,Metal,150.0,2,1,0,1,1,1,0,0,0,0,3,2,1,1,3,0,8.0,8.0,7.0,7.0,Improve
14.0,10.0,Yes,Video game music,95.0,1,0,2,0,0,2,1,0,0,3,2,0,0,2,1,3,5.0,2.0,5.0,0.0,Improve
23.0,2.0,Yes,Rock,138.0,3,0,1,1,0,2,2,0,1,1,1,2,2,2,3,2,6.0,8.0,4.0,2.0,No effect
28.0,2.0,Yes,Rock,,1,0,0,1,0,0,2,1,0,2,1,2,1,0,3,1,7.0,5.0,2.0,1.0,No effect
22.0,6.0,Yes,Jazz,140.0,2,1,3,1,1,1,3,2,0,2,2,2,2,1,3,2,8.0,8.0,7.0,1.0,Improve
25.0,0.5,Yes,Rock,139.0,1,0,3,0,0,1,0,1,0,0,1,2,1,1,3,2,10.0,2.0,0.0,0.0,Improve
27.0,2.0,Yes,Pop,100.0,2,1,3,0,0,2,3,3,2,2,2,3,3,1,2,2,8.0,7.0,7.0,5.0,Improve
18.0,5.0,Yes,Rock,,1,0,1,1,0,1,0,1,0,1,2,3,1,2,3,3,8.0,8.0,8.0,6.0,Improve
17.0,3.0,Yes,Pop,120.0,1,1,0,2,0,2,3,0,1,0,2,3,3,3,3,0,8.0,10.0,9.0,2.0,Improve
23.0,4.5,Yes,Rock,,2,1,0,2,1,2,1,1,0,1,2,2,1,2,3,2,6.0,1.0,8.0,4.0,No effect
40.0,3.0,Yes,Rock,178.0,2,0,0,0,0,0,1,0,0,1,2,2,1,0,2,0,0.0,4.0,4.0,0.0,Improve
27.0,20.0,Yes,Rock,,2,1,2,1,0,1,0,2,1,2,3,1,0,1,3,2,8.0,10.0,10.0,8.0,No effect
18.0,1.0,No,Pop,100.0,1,1,0,1,1,2,0,0,0,0,0,3,1,2,2,1,3.0,2.0,0.0,1.0,No effect
16.0,2.5,No,Metal,110.0,0,0,0,0,0,0,1,0,0,1,3,0,0,1,3,2,5.0,3.0,3.0,1.0,Improve
18.0,1.0,No,Rock,108.0,2,1,0,2,0,2,0,0,0,0,2,2,1,1,3,1,8.0,9.0,6.0,1.0,Improve
23.0,2.0,No,Jazz,,1,1,1,1,1,1,1,1,1,1,1,1,1,1,1,1,10.0,3.0,0.0,10.0,No effect
15.0,5.0,Yes,Metal,161.0,0,0,1,0,0,0,0,0,0,0,3,1,0,1,2,0,6.0,7.0,8.0,2.0,Improve
20.0,3.0,Yes,Metal,200.0,2,1,0,0,0,1,2,0,0,1,3,1,0,1,3,2,7.0,4.0,7.0,0.0,Improve
16.0,3.0,Yes,Rock,,0,1,0,1,0,0,0,0,2,0,1,1,1,1,3,1,9.0,8.0,6.0,2.0,Improve
16.0,0.5,No,Rock,156.0,2,0,1,0,0,1,1,0,0,0,0,2,0,0,3,2,8.0,0.0,0.0,0.0,Improve
20.0,8.0,Yes,Country,120.0,0,3,0,2,0,1,0,0,0,0,0,1,1,1,2,0,8.0,9.0,2.0,5.0,No effect
33.0,2.0,Yes,Metal,,1,1,0,1,0,2,0,0,0,0,3,0,0,2,2,2,7.0,2.0,3.0,0.0,Improve
22.0,3.0,Yes,Rock,90.0,0,3,1,2,0,1,2,0,3,0,1,2,3,2,3,0,10.0,10.0,4.0,0.0,Improve
21.0,3.0,Yes,Hip hop,85.0,0,0,1,0,0,3,1,0,0,2,0,3,3,3,3,0,8.0,8.0,3.0,3.0,Improve
21.0,5.0,Yes,Metal,171.0,1,0,2,0,0,3,2,0,0,2,3,1,2,3,2,2,8.0,7.0,7.0,4.0,Improve
29.0,1.5,Yes,Rock,108.0,1,0,2,0,0,1,1,0,0,0,1,3,3,3,3,0,8.0,7.0,1.0,2.0,Improve
56.0,1.0,Yes,Pop,105.0,0,1,0,1,0,0,0,0,0,0,0,2,2,0,2,0,6.0,5.0,10.0,2.0,No effect
17.0,2.0,Yes,Pop,76.0,2,0,0,0,0,1,1,0,0,1,0,3,1,1,0,1,7.0,6.0,0.0,4.0,Improve
22.0,1.0,Yes,Pop,108.0,1,1,2,0,0,0,1,0,0,0,0,3,0,0,1,1,7.0,4.0,0.0,0.0,Improve
26.0,4.0,Yes,Pop,140.0,2,2,1,1,0,2,0,1,0,1,0,3,1,1,3,1,8.0,7.0,2.0,10.0,No effect
30.0,1.0,Yes,EDM,200.0,0,0,3,0,0,2,0,0,0,0,1,0,0,2,0,0,4.0,4.0,4.0,0.0,Improve
49.0,2.0,Yes,Folk,147.0,1,1,2,3,0,2,1,0,0,2,1,2,2,2,1,1,0.0,0.0,2.0,0.0,No effect
22.0,2.0,Yes,EDM,120.0,1,2,3,2,1,2,2,1,1,2,3,2,2,3,2,3,6.0,4.0,0.0,1.0,Improve
32.0,2.0,No,Rock,158.0,0,1,2,1,0,2,0,0,0,2,1,2,2,2,2,0,4.0,7.0,0.0,0.0,Improve
32.0,1.0,No,Rock,110.0,1,2,0,2,0,0,0,0,1,0,2,3,1,0,3,0,8.0,4.0,3.0,0.0,No effect
22.0,6.0,Yes,Country,103.0,0,3,0,1,0,2,0,0,1,0,2,0,0,2,3,1,5.0,5.0,3.0,3.0,Improve
17.0,2.0,Yes,Rock,93.0,0,1,2,2,1,1,2,1,1,1,3,3,2,2,3,2,0.0,8.0,0.0,0.0,Improve
21.0,4.0,Yes,Rock,62.0,1,0,0,1,0,0,0,0,0,0,1,3,1,0,3,0,7.0,4.0,6.0,1.0,Improve
17.0,1.5,Yes,Rock,180.0,3,0,1,1,0,0,0,0,3,1,1,2,2,1,3,1,8.0,7.0,7.0,3.0,No effect
25.0,3.0,Yes,Metal,150.0,2,2,1,1,0,0,0,0,0,0,3,2,2,0,3,2,9.0,8.0,6.0,2.0,Improve
15.0,4.0,Yes,Rock,105.0,0,0,1,0,0,1,0,2,0,3,2,3,2,1,3,0,8.0,6.0,4.0,0.0,Improve
13.0,10.0,Yes,Rap,140.0,0,0,1,0,0,2,0,0,0,2,0,1,1,3,0,1,7.0,2.0,0.0,8.0,Improve
38.0,3.0,Yes,Rock,,3,1,0,1,0,0,2,0,1,0,3,2,1,0,3,0,6.0,7.0,7.0,7.0,No effect
23.0,3.0,No,Rock,161.0,1,0,2,2,0,1,0,0,0,1,1,2,0,0,3,2,7.0,6.0,4.0,2.0,Improve
17.0,3.0,Yes,Pop,120.0,2,2,2,1,1,3,1,3,0,3,0,3,3,3,3,1,1.0,1.0,1.0,0.0,Improve
59.0,2.0,Yes,Pop,103.0,1,0,3,1,0,1,2,1,1,1,0,3,3,1,2,0,1.0,1.0,3.0,0.0,Improve
22.0,2.0,Yes,Pop,72.0,1,1,0,1,1,2,2,0,1,1,0,3,3,2,2,1,2.0,7.0,1.0,2.0,Improve
17.0,3.0,Yes,Pop,113.0,2,1,0,0,0,3,2,3,1,0,0,3,1,3,2,1,6.0,2.0,3.0,1.0,No effect
27.0,2.0,No,Pop,120.0,0,0,0,0,0,0,0,0,0,0,1,3,0,2,2,1,7.0,7.0,3.0,2.0,No effect
23.0,5.0,Yes,Video game music,95.0,2,0,2,0,0,1,1,1,0,2,1,2,1,2,2,2,8.0,7.0,0.0,3.0,No effect
15.0,6.0,Yes,Rock,97.0,1,0,2,1,0,2,1,0,0,1,1,2,2,0,3,2,8.0,3.0,5.0,2.0,Improve
22.0,3.0,Yes,EDM,140.0,1,1,3,2,1,2,1,0,0,1,2,2,2,2,3,3,5.0,4.0,2.0,0.0,Improve
23.0,5.0,Yes,Lofi,120.0,3,1,2,2,1,1,2,1,1,3,1,3,3,1,3,3,7.0,10.0,10.0,1.0,Improve
19.0,5.0,Yes,Country,118.0,1,3,0,3,2,1,2,0,3,1,0,2,2,1,2,0,7.0,6.0,8.0,4.0,Improve
32.0,6.0,Yes,Rock,91.0,0,1,2,0,0,1,1,0,0,0,0,2,1,1,3,1,8.0,7.0,0.0,9.0,Improve
40.0,6.0,Yes,Rock,128.0,2,2,2,2,1,2,2,0,2,2,1,2,2,2,3,1,10.0,7.0,3.0,3.0,No effect
21.0,3.0,Yes,Country,86.0,0,3,1,2,1,2,0,0,0,0,1,2,1,2,2,0,6.0,5.0,5.0,3.0,Improve
21.0,10.0,Yes,Rock,107.0,1,0,3,2,0,1,1,1,1,2,2,3,2,1,3,3,8.0,7.0,6.0,8.0,No effect
23.0,2.0,Yes,Video game music,180.0,2,0,3,0,0,1,1,2,0,2,0,3,1,2,2,3,10.0,7.0,7.0,3.0,Worsen
35.0,3.0,No,Folk,0.0,2,2,0,2,0,0,1,0,0,1,0,1,0,0,2,2,8.0,2.0,2.0,8.0,No effect
18.0,1.5,No,Hip hop,150.0,0,0,0,0,0,2,2,0,0,2,0,3,0,2,2,0,3.0,7.0,4.0,0.0,Improve
21.0,10.0,Yes,Pop,112.0,0,1,0,0,0,1,0,0,0,0,0,2,1,0,2,0,9.0,7.0,5.0,5.0,Improve
22.0,2.0,Yes,Video game music,,0,0,1,0,0,2,1,0,1,0,0,3,0,1,2,3,5.0,3.0,0.0,0.0,Improve
23.0,3.0,Yes,Rock,66.0,1,1,0,3,0,2,2,0,0,0,3,3,3,2,3,0,10.0,7.0,0.0,10.0,Improve
13.0,2.5,Yes,Folk,118.0,0,2,0,3,0,0,0,0,0,0,0,3,0,0,0,0,8.0,0.0,0.0,3.0,Improve
19.0,3.0,Yes,K pop,110.0,2,1,1,2,0,1,0,3,0,2,0,3,3,3,3,0,6.0,0.0,3.0,0.0,Improve
33.0,0.5,Yes,Rock,80.0,2,0,1,0,0,0,1,0,0,1,2,1,0,0,2,1,7.0,9.0,4.0,6.0,Improve
18.0,16.0,Yes,Jazz,90.0,2,2,2,2,2,3,3,3,3,3,3,3,3,3,3,1,3.0,2.0,5.0,6.0,Improve
17.0,6.0,Yes,Classical,120.0,3,1,0,0,0,1,2,1,0,2,0,3,0,0,0,1,4.0,2.0,0.0,0.0,Improve
16.0,3.0,Yes,EDM,100.0,1,0,3,0,0,3,2,3,0,1,2,3,1,3,3,3,4.0,2.0,0.0,0.0,Improve
18.0,0.5,No,Rock,66.0,1,0,0,2,0,0,0,0,0,0,0,2,1,0,3,0,5.0,3.0,1.0,0.0,No effect
19.0,5.0,Yes,K pop,158.0,1,2,2,0,0,1,1,3,1,0,0,3,3,1,1,1,4.0,2.0,2.0,1.0,Improve
15.0,2.0,No,Rap,105.0,3,2,0,3,2,3,2,2,0,3,2,1,3,3,2,3,4.0,0.0,6.0,5.0,No effect
17.0,2.0,Yes,Pop,208.0,0,0,0,0,0,1,0,1,0,0,3,3,0,3,3,3,7.0,6.0,3.0,1.0,Improve
25.0,2.0,Yes,Lofi,91.0,2,1,2,1,0,3,3,1,2,3,0,2,1,2,3,2,7.0,8.0,6.0,2.0,Improve
24.0,1.5,Yes,Video game music,171.0,2,1,3,1,2,2,2,3,1,3,3,3,2,2,3,3,3.0,4.0,1.0,1.0,Improve
23.0,1.0,Yes,Jazz,150.0,1,1,3,0,1,0,3,1,1,0,2,1,2,0,3,2,9.0,7.0,2.0,1.0,Improve
16.0,10.0,Yes,EDM,180.0,1,1,3,2,0,1,2,1,0,1,1,3,2,2,2,2,10.0,9.0,3.0,2.0,Improve
25.0,2.0,Yes,Metal,,1,1,1,1,2,1,2,0,1,1,3,2,1,1,3,2,9.0,9.0,7.0,3.0,Improve
16.0,15.0,Yes,EDM,85.0,1,0,3,0,0,1,1,0,0,1,2,2,0,3,3,2,8.0,10.0,9.0,2.0,Improve
20.0,0.5,No,Metal,150.0,2,1,2,0,0,2,2,0,0,2,2,1,1,1,2,2,8.0,9.0,6.0,4.0,Improve
17.0,3.0,Yes,Metal,104.0,0,1,1,0,2,2,0,0,0,0,3,0,1,2,3,0,5.0,6.0,9.0,9.0,Improve
29.0,2.0,Yes,Metal,,0,0,0,0,0,0,0,0,0,0,3,2,0,0,3,0,9.0,3.0,7.0,2.0,Improve
20.0,4.0,Yes,Hip hop,85.0,0,1,3,1,0,3,0,0,0,0,0,2,2,3,2,0,3.0,2.0,1.0,6.0,Improve
16.0,2.0,Yes,Folk,,0,0,0,3,0,1,0,0,0,0,2,3,0,1,2,0,7.0,7.0,4.0,0.0,Improve
21.0,1.0,Yes,Rock,147.0,1,2,2,2,0,2,1,1,1,1,1,3,0,2,3,3,7.0,9.0,1.0,2.0,Improve
16.0,24.0,Yes,Rock,120.0,0,0,1,0,0,0,0,1,1,1,1,1,1,1,2,1,5.0,1.0,9.0,1.0,Improve
43.0,1.0,Yes,Pop,134.0,2,0,0,2,1,2,1,0,0,1,0,3,1,1,2,0,3.0,3.0,0.0,0.0,Improve
32.0,2.0,Yes,Classical,,3,2,1,3,2,2,2,1,2,1,3,3,2,1,3,3,8.0,7.0,5.0,4.0,Improve
10.0,2.0,Yes,Pop,112.0,3,0,1,0,0,1,1,3,0,1,0,3,0,1,0,3,8.0,2.0,1.0,1.0,Improve
27.0,3.0,Yes,Metal,200.0,1,1,2,0,0,2,0,2,1,2,3,2,1,3,3,3,4.0,0.0,0.0,0.0,Improve
24.0,3.0,Yes,Classical,75.0,3,0,0,0,1,1,0,0,2,1,2,1,0,1,0,0,9.0,6.0,1.0,1.0,Improve
18.0,2.0,Yes,Hip hop,20.0,1,0,1,0,1,3,1,3,2,0,0,2,3,3,0,0,10.0,7.0,2.0,0.0,Improve
17.0,7.0,Yes,Rock,140.0,0,0,0,0,0,0,0,0,0,2,0,3,0,0,3,2,8.0,7.0,7.0,4.0,Improve
19.0,6.0,Yes,Metal,111.0,2,0,0,0,0,0,0,0,0,0,3,1,0,0,3,2,1.0,0.0,0.0,0.0,Improve
16.0,3.0,Yes,Rock,150.0,2,0,2,0,0,1,1,1,0,1,2,2,2,2,3,2,5.0,7.0,1.0,4.0,Improve
64.0,5.0,Yes,Rock,,2,1,0,1,2,2,3,2,0,1,2,1,2,1,3,0,7.0,6.0,9.0,2.0,Improve
33.0,4.0,Yes,Lofi,114.0,2,1,1,2,0,2,2,1,1,3,3,2,1,2,2,2,8.0,8.0,2.0,2.0,Improve
32.0,3.0,Yes,Rock,93.0,3,2,2,2,0,0,3,1,1,0,3,1,0,1,3,1,2.0,2.0,8.0,0.0,No effect
15.0,2.0,Yes,Pop,145.0,1,2,0,0,0,0,0,1,3,0,0,3,2,2,0,0,6.0,0.0,0.0,2.0,Improve
27.0,3.0,Yes,Metal,100.0,3,3,0,1,0,1,0,0,0,0,3,2,0,1,3,1,2.0,0.0,1.0,0.0,Improve
20.0,2.0,Yes,Rock,114.0,1,1,0,2,0,0,1,0,0,0,1,2,1,0,3,2,6.0,2.0,6.0,7.0,No effect
23.0,2.0,Yes,Pop,109.0,1,3,0,1,3,3,2,1,0,1,0,3,3,3,3,2,6.0,1.0,0.0,5.0,Improve
19.0,3.0,No,Classical,,3,1,0,1,1,2,1,0,0,0,1,2,0,0,3,2,7.0,6.0,4.0,0.0,Improve
12.0,2.0,Yes,Classical,,3,0,0,0,0,0,0,0,0,1,0,1,0,0,0,0,0.0,0.0,3.0,0.0,Improve
16.0,3.0,Yes,Classical,72.0,3,1,0,0,1,0,0,0,0,0,0,3,0,0,0,1,9.0,7.0,10.0,6.0,No effect
17.0,0.0,No,Video game music,89.0,0,0,0,0,0,0,0,0,0,3,0,0,0,0,0,3,10.0,0.0,0.0,0.0,No effect
14.0,1.0,Yes,Pop,140.0,1,1,3,1,1,2,2,2,1,2,1,3,2,2,2,2,6.0,6.0,3.0,0.0,Improve
32.0,2.0,Yes,Metal,84.0,1,1,3,1,1,1,1,1,0,2,3,2,1,1,2,3,4.0,3.0,1.0,6.0,Improve
20.0,2.0,Yes,Pop,132.0,0,0,0,0,0,1,0,0,0,0,0,0,0,1,1,1,6.0,2.0,2.0,1.0,No effect
54.0,6.0,Yes,Classical,,3,2,0,0,0,2,1,1,1,0,1,2,2,1,1,0,2.0,2.0,3.0,2.0,Improve
18.0,5.0,Yes,K pop,124.0,0,1,1,0,0,1,1,3,1,1,0,3,1,2,2,0,7.0,4.0,5.0,6.0,Improve
14.0,2.0,Yes,Classical,181.0,3,0,0,0,0,1,0,0,0,1,2,2,0,1,3,1,7.0,5.0,3.0,2.0,Improve
13.0,4.0,Yes,Classical,126.0,3,0,2,1,0,0,1,1,0,0,1,3,0,0,2,2,8.0,5.0,10.0,3.0,Improve
19.0,8.0,Yes,Country,109.0,0,3,0,1,0,0,0,0,0,0,1,1,0,1,2,1,7.0,5.0,6.0,5.0,Improve
14.0,4.0,Yes,Classical,106.0,3,0,1,0,0,2,2,1,1,1,2,2,2,2,2,1,6.0,8.0,8.0,2.0,Improve
14.0,1.5,No,Classical,140.0,3,0,0,0,1,0,2,0,0,0,0,0,0,0,1,2,1.0,2.0,4.0,3.0,Improve
18.0,2.0,Yes,Rap,170.0,3,0,2,0,0,3,2,1,3,2,1,2,2,3,1,2,3.0,2.0,0.0,2.0,Improve
15.0,5.0,Yes,Folk,87.0,1,2,0,3,1,2,0,0,0,2,0,0,0,2,1,1,6.0,7.0,7.0,4.0,Improve
24.0,6.0,Yes,Classical,,3,0,2,0,0,0,0,3,0,0,0,0,0,0,1,0,6.0,7.0,2.0,0.0,No effect
17.0,2.0,Yes,Pop,117.0,1,0,0,0,0,1,1,0,0,2,1,3,3,0,0,2,9.0,8.0,4.0,8.0,Improve
44.0,2.0,No,Rock,105.0,2,2,2,2,1,2,1,1,0,0,2,2,2,2,3,0,7.0,7.0,2.0,1.0,Improve
23.0,1.0,No,Rock,,2,0,0,0,0,0,1,0,0,1,2,0,0,0,3,0,1.0,0.0,1.0,0.0,Improve
21.0,1.0,No,Rap,160.0,1,1,0,0,0,2,1,0,0,1,1,2,2,2,1,0,4.0,3.0,4.0,5.0,Improve
57.0,2.0,No,R&B,,1,2,0,0,1,2,2,0,0,0,0,2,2,2,1,0,2.0,0.0,0.0,0.0,Improve
23.0,2.0,Yes,Rock,141.0,1,1,0,3,0,1,0,0,0,3,3,3,0,2,3,3,0.0,5.0,7.0,0.0,No effect
18.0,1.0,Yes,Pop,105.0,2,1,0,0,1,0,1,0,2,1,0,3,0,0,0,3,8.0,7.0,7.0,0.0,Improve
26.0,14.0,Yes,Hip hop,158.0,2,2,1,3,0,3,3,1,1,3,1,2,3,3,3,1,5.0,10.0,8.0,0.0,No effect
13.0,3.0,Yes,Classical,80.0,3,0,0,0,0,0,0,0,0,0,0,0,0,0,0,0,8.0,7.0,9.0,2.0,Improve
15.0,3.0,Yes,Classical,118.0,3,0,0,0,0,0,0,1,0,2,0,2,0,0,0,2,9.0,6.0,8.0,5.0,Improve
57.0,2.0,Yes,Rock,125.0,0,0,0,0,0,1,2,0,1,1,2,2,2,1,3,0,2.0,2.0,7.0,0.0,No effect
12.0,0.5,Yes,Classical,109.0,3,0,0,0,0,0,1,0,0,1,0,2,0,0,0,0,7.0,8.0,6.0,2.0,Improve
26.0,6.0,Yes,EDM,156.0,0,0,3,0,0,0,0,0,0,0,0,1,1,1,0,1,10.0,10.0,8.0,2.0,No effect
17.0,1.0,Yes,Country,105.0,0,3,0,1,1,0,1,0,0,0,1,1,1,0,2,1,8.0,5.0,2.0,3.0,Improve
17.0,2.0,Yes,Classical,,3,0,1,0,0,0,0,1,0,1,1,2,1,0,2,2,7.0,8.0,2.0,5.0,Improve
69.0,4.0,Yes,Classical,72.0,3,2,0,2,2,1,3,1,1,1,0,2,2,0,3,0,1.0,1.0,2.0,0.0,Improve
17.0,3.0,Yes,R&B,148.0,3,0,1,0,2,3,3,3,2,0,1,3,3,3,2,0,9.0,10.0,10.0,3.0,No effect
32.0,12.0,Yes,Jazz,200.0,0,0,2,1,0,2,3,1,0,2,0,1,2,1,0,0,9.0,4.0,4.0,4.0,Improve
22.0,3.0,No,Classical,113.0,3,0,0,0,0,0,2,0,0,0,0,1,0,0,1,0,8.0,2.0,4.0,0.0,No effect
38.0,1.0,No,Metal,191.0,1,0,0,2,0,0,1,0,0,0,3,0,0,0,2,1,1.0,1.0,5.0,1.0,Improve
18.0,10.0,Yes,EDM,140.0,0,0,3,2,0,2,0,0,0,2,0,3,3,3,0,0,10.0,9.0,9.0,8.0,Improve
14.0,5.0,Yes,Classical,40.0,3,1,1,1,1,1,1,2,1,2,0,2,2,1,1,3,3.0,0.0,2.0,3.0,Improve
14.0,0.5,Yes,Video game music,173.0,3,0,0,1,0,0,1,2,1,0,0,3,0,0,0,3,4.0,0.0,4.0,0.0,Improve
19.0,5.0,Yes,Metal,180.0,1,1,1,1,0,1,1,0,1,2,3,2,1,1,3,2,2.0,3.0,5.0,2.0,Improve
20.0,3.0,Yes,Classical,100.0,3,2,1,2,1,1,3,1,1,0,1,2,2,1,1,1,2.0,3.0,3.0,0.0,Improve
18.0,2.0,No,Rock,123.0,0,3,0,1,1,1,1,0,0,0,2,3,0,2,2,2,8.0,4.0,3.0,0.0,Improve
30.0,13.0,,K pop,145.0,2,0,1,2,0,2,2,3,3,1,1,3,3,2,3,2,10.0,10.0,10.0,7.0,Improve
31.0,4.0,Yes,Classical,55.0,3,1,0,1,1,0,2,0,0,1,1,0,0,0,2,2,8.0,8.0,9.0,3.0,Improve
72.0,6.0,Yes,Rock,77.0,0,2,0,0,0,0,3,0,2,0,0,1,3,0,3,0,0.0,1.0,0.0,2.0,Improve
73.0,3.0,Yes,R&B,4.0,2,3,1,2,3,2,2,1,3,0,1,2,3,2,2,0,5.0,4.0,0.0,1.0,Improve
16.0,4.0,Yes,Pop,150.0,1,1,2,2,1,3,1,2,1,2,1,3,1,1,1,1,7.5,5.0,7.0,8.5,Improve
19.0,3.0,No,Rap,73.0,1,0,2,0,0,2,1,0,0,1,0,2,1,3,2,2,3.0,3.0,0.0,0.0,Improve
16.0,2.0,Yes,Classical,155.0,3,1,0,1,0,1,1,0,0,1,0,3,0,0,1,1,7.0,5.0,3.0,1.0,Improve
12.0,2.0,Yes,Classical,,3,1,0,0,1,2,1,1,0,0,0,2,0,1,2,0,8.0,0.0,1.0,6.0,Improve
39.0,1.0,Yes,Hip hop,89.0,0,1,1,2,0,3,1,1,1,2,2,3,2,3,3,0,6.0,4.0,1.0,1.0,Improve
15.0,6.0,Yes,K pop,110.0,2,0,1,2,0,1,2,3,2,2,1,3,2,1,3,0,8.0,8.0,7.0,10.0,No effect
14.0,9.0,Yes,R&B,140.0,3,1,1,1,1,2,1,3,1,2,1,3,3,3,1,1,10.0,8.0,9.0,5.0,Improve
21.0,1.0,No,Country,135.0,0,3,0,0,0,0,0,0,0,0,0,0,0,0,0,0,3.0,0.0,2.0,0.0,Improve
38.0,1.0,Yes,Video game music,125.0,1,0,0,0,0,1,2,1,1,0,1,2,1,1,1,3,5.0,5.0,7.0,1.0,Worsen
23.0,0.5,No,Hip hop,110.0,2,2,1,1,1,3,1,3,1,2,1,2,2,3,1,2,7.0,7.0,6.0,5.0,Improve
16.0,1.0,No,EDM,140.0,0,0,3,0,0,2,1,0,0,2,2,1,1,1,2,2,7.0,4.0,6.0,3.0,Improve
13.0,6.0,Yes,Rap,112.0,0,0,0,0,0,3,0,1,0,1,0,1,0,3,0,0,4.0,0.0,0.0,2.0,Worsen
16.0,4.0,Yes,Rock,96.0,1,2,2,2,0,2,1,2,0,3,3,3,0,0,3,2,3.0,0.0,6.0,9.0,Improve
18.0,6.0,Yes,Rock,,2,1,1,3,0,2,0,2,0,3,3,2,1,2,3,3,5.0,1.0,6.0,0.0,Improve
21.0,4.0,Yes,Metal,155.0,0,0,3,0,0,0,0,0,0,1,2,0,0,0,3,3,10.0,6.0,8.0,0.0,Improve
17.0,1.5,Yes,Classical,174.0,3,1,0,1,0,0,2,0,0,2,0,3,1,0,0,0,7.0,5.0,1.0,2.0,No effect
24.0,2.0,Yes,Rock,93.0,1,2,0,3,0,2,2,0,1,2,0,1,1,2,3,0,7.0,7.0,0.0,4.0,No effect
14.0,2.0,Yes,Pop,78.0,1,0,0,2,0,2,0,1,3,1,1,3,2,2,1,0,6.0,0.0,0.0,0.0,Improve
25.0,4.0,Yes,Rock,,2,1,1,3,1,2,2,1,1,2,2,2,1,2,3,3,6.0,2.0,3.0,2.0,Improve
22.0,3.0,Yes,Lofi,174.0,1,3,2,1,1,1,1,1,1,3,1,1,1,1,1,1,7.0,6.0,7.0,9.0,Improve
20.0,4.0,Yes,Rock,120.0,1,0,2,0,0,1,0,3,1,1,2,3,1,1,3,1,5.0,7.0,7.0,0.0,No effect
23.0,2.0,Yes,Pop,75.0,2,1,1,2,0,3,2,0,0,0,0,3,3,3,2,2,7.0,6.0,4.0,3.0,Improve
61.0,2.0,Yes,Rock,94.0,0,0,0,1,0,0,0,1,0,0,2,2,1,0,2,0,2.0,2.0,2.0,0.0,Improve
24.0,6.0,Yes,Video game music,180.0,2,0,2,3,0,0,0,1,0,1,2,1,0,0,3,3,9.0,5.0,0.0,7.0,Improve
34.0,0.0,No,Rock,115.0,1,1,0,2,0,0,0,0,0,0,1,0,0,0,3,0,3.0,7.0,8.0,0.0,Worsen
49.0,1.0,No,Pop,128.0,2,0,0,0,0,3,1,0,0,3,0,3,3,3,2,0,4.0,5.0,9.0,1.0,Improve
33.0,4.0,Yes,Rock,112.0,1,2,1,1,1,1,1,0,0,3,1,2,1,1,3,3,1.0,0.0,7.0,0.0,Improve
22.0,2.0,No,Metal,140.0,0,0,1,0,0,0,0,0,0,0,3,1,1,0,3,3,3.0,2.0,0.0,2.0,No effect
38.0,3.0,Yes,Metal,143.0,1,0,0,0,0,0,0,0,0,0,3,0,0,1,2,0,1.0,6.0,1.0,2.0,Improve
23.0,4.0,No,Hip hop,72.0,1,1,0,1,0,3,1,0,0,2,1,3,2,2,2,1,8.0,10.0,4.0,0.0,No effect
34.0,2.0,No,Video game music,100.0,1,1,1,0,0,2,1,1,0,1,1,0,0,2,1,3,8.0,10.0,10.0,0.0,No effect
40.0,3.0,Yes,Metal,120.0,0,0,0,0,0,0,2,0,2,0,3,1,1,0,2,0,3.0,0.0,8.0,1.0,No effect
27.0,1.0,No,Hip hop,,2,0,1,0,0,3,1,0,0,1,0,2,3,3,0,0,3.0,4.0,1.0,0.0,Improve
54.0,10.0,Yes,Rock,,2,2,0,1,0,0,1,0,0,0,1,1,2,0,2,0,2.0,1.0,2.0,2.0,Improve
16.0,10.0,No,Rock,105.0,1,3,0,3,1,1,2,0,0,0,3,2,1,1,3,0,0.0,0.0,0.0,0.0,No effect
23.0,10.0,Yes,Video game music,119.0,1,0,2,2,0,1,0,2,0,2,1,2,0,1,2,3,8.0,8.0,5.0,0.0,Improve
35.0,4.0,No,Country,,0,3,0,1,0,0,0,0,0,0,2,2,0,0,2,1,1.0,1.0,1.0,0.0,No effect
22.0,4.0,Yes,Folk,137.0,1,2,3,3,0,2,2,0,1,2,3,3,2,2,3,2,8.0,7.0,6.0,2.0,Improve
41.0,3.0,No,Metal,178.0,3,1,0,1,0,0,0,2,0,0,3,1,0,1,2,3,6.0,5.0,4.0,0.0,No effect
63.0,2.0,Yes,Rock,133.0,3,2,1,3,0,1,2,0,1,0,0,0,1,0,3,0,5.0,4.0,6.0,2.0,Improve
28.0,1.0,No,Rock,72.0,1,1,0,1,0,1,0,0,0,2,1,2,0,1,2,0,3.0,1.0,0.0,2.0,No effect
22.0,6.0,Yes,Country,,1,3,2,3,1,2,2,0,1,2,2,2,1,2,3,2,4.0,8.0,2.0,2.0,Improve
58.0,1.0,Yes,Rock,133.0,1,2,1,2,2,2,2,0,1,1,2,1,2,2,2,0,5.0,6.0,3.0,1.0,Improve
58.0,1.0,Yes,Classical,80.0,2,1,0,1,2,1,2,1,1,0,0,1,0,0,0,0,0.0,0.0,2.0,1.0,Improve
67.0,4.0,Yes,Rock,146.0,0,2,0,0,0,0,2,0,0,0,1,0,1,0,3,0,7.0,6.0,7.0,4.0,Improve
70.0,2.0,Yes,Country,88.0,2,3,0,0,0,0,0,0,0,0,0,0,0,0,0,0,8.0,5.0,6.0,1.0,Improve
60.0,2.0,Yes,Rock,132.0,2,2,0,2,1,0,1,0,1,0,1,2,2,1,3,1,4.0,4.0,2.0,0.0,Improve
15.0,2.0,Yes,Pop,102.0,1,1,2,0,2,1,2,2,0,0,0,3,2,0,2,3,9.0,8.0,10.0,9.0,Improve
18.0,6.0,Yes,EDM,91.0,3,1,3,1,2,3,2,0,2,3,2,3,3,3,2,3,5.0,5.0,7.0,0.0,Improve
58.0,3.0,Yes,Hip hop,127.0,2,0,2,1,2,3,3,0,2,3,0,1,3,2,2,0,4.0,6.0,8.0,1.0,Improve
28.0,1.0,Yes,Lofi,82.0,2,1,1,1,1,2,2,1,2,3,1,2,2,1,2,2,4.0,8.0,5.0,0.0,Improve
22.0,4.0,Yes,Lofi,141.0,1,1,0,2,0,1,2,0,0,3,1,2,1,1,3,0,9.0,10.0,6.0,7.0,Improve
49.0,0.5,No,Classical,114.0,3,2,1,2,3,2,2,1,1,0,1,2,2,2,1,1,3.0,2.0,2.0,2.0,Improve
20.0,8.0,Yes,Rock,148.0,0,1,1,2,0,0,1,0,0,1,2,1,2,0,3,2,6.0,2.0,2.0,1.0,Improve
55.0,15.0,Yes,Rock,156.0,1,0,0,3,0,0,2,0,1,0,0,1,0,0,3,0,2.0,0.0,3.0,0.0,No effect
48.0,1.5,Yes,Metal,185.0,1,0,1,0,0,0,1,0,0,0,2,0,1,0,1,1,10.0,8.0,0.0,4.0,Improve
14.0,2.0,Yes,K pop,114.0,2,0,1,0,0,2,2,3,0,2,0,1,1,1,0,1,4.0,4.0,2.0,2.0,Improve
18.0,3.0,Yes,Pop,120.0,2,0,2,1,0,3,2,3,3,2,1,3,3,3,2,2,7.0,8.0,6.0,2.0,Improve
25.0,1.0,Yes,Pop,80.0,3,1,1,1,0,2,2,0,0,1,3,3,1,2,2,2,7.0,6.0,5.0,5.0,Improve
71.0,0.25,Yes,Gospel,,2,1,0,1,2,0,0,0,2,0,0,1,1,0,1,0,1.0,0.0,0.0,0.0,Improve
60.0,1.0,No,Gospel,,2,1,0,0,3,1,0,0,0,0,0,0,0,1,1,0,6.0,2.0,8.0,0.0,Improve
18.0,1.0,Yes,Video game music,116.0,1,1,2,2,0,1,2,0,0,0,2,0,1,2,2,3,4.0,5.0,7.0,0.0,No effect
19.0,5.0,Yes,Hip hop,99.0,1,3,2,1,1,3,0,1,3,0,1,2,2,3,1,2,10.0,7.0,0.0,0.0,Improve
74.0,1.0,No,Pop,129.0,1,3,0,2,2,0,1,0,2,0,0,3,2,0,2,0,4.0,2.0,1.0,0.0,Improve
36.0,1.0,Yes,Hip hop,131.0,2,0,0,0,0,3,0,0,0,0,0,3,2,2,2,0,7.0,6.0,2.0,3.0,Improve
14.0,7.0,Yes,Lofi,95.0,0,0,0,0,0,2,0,0,0,3,0,3,0,2,0,1,3.0,2.0,8.0,0.0,Improve
20.0,3.0,No,Hip hop,80.0,3,1,1,2,0,3,2,0,2,1,1,2,2,3,3,1,10.0,7.0,4.0,3.0,Improve
15.0,3.0,Yes,K pop,204.0,1,0,1,0,0,3,2,3,0,0,0,1,2,3,2,3,4.0,0.0,0.0,0.0,No effect
19.0,7.0,Yes,Rock,128.0,2,1,0,1,0,0,2,0,0,0,1,0,0,0,3,2,7.0,7.0,0.0,0.0,Improve
29.0,8.0,Yes,EDM,140.0,1,2,3,2,0,2,1,0,0,1,2,0,0,3,3,3,6.0,7.0,4.0,1.0,Improve
24.0,2.0,Yes,Metal,159.0,0,1,3,2,3,0,0,0,0,1,3,1,0,0,2,1,7.0,6.0,2.0,7.0,Improve
18.0,2.0,Yes,Pop,104.0,1,1,1,1,1,3,1,1,2,1,2,3,3,3,3,0,6.0,5.0,8.0,0.0,Improve
21.0,2.0,Yes,Rock,97.0,2,0,0,2,0,1,1,1,0,1,0,3,1,1,3,1,10.0,10.0,2.0,3.0,Improve
19.0,2.0,Yes,K pop,80.0,1,0,1,0,0,2,2,3,0,2,0,2,3,1,2,2,7.0,6.0,5.0,1.0,Improve
25.0,4.0,No,Video game music,134.0,2,0,0,1,1,0,0,1,3,0,0,3,2,0,0,3,3.0,0.0,0.0,0.0,Improve
28.0,8.0,Yes,Rock,,1,1,1,2,1,2,2,1,1,3,1,3,2,2,3,2,8.0,2.0,1.0,0.0,No effect
27.0,4.0,Yes,Rap,135.0,1,0,0,0,0,2,1,2,0,2,0,1,0,3,1,1,7.0,6.0,6.0,5.0,Improve
60.0,1.0,No,Rock,129.0,2,1,0,2,0,0,2,0,0,0,0,1,1,0,2,0,3.0,2.0,5.0,0.0,No effect
25.0,5.0,No,Metal,,1,1,0,1,0,0,0,0,0,0,3,2,0,0,2,1,8.0,2.0,1.0,0.0,Improve
60.0,2.0,Yes,Rock,,1,2,0,0,0,0,0,0,0,0,2,1,2,0,3,0,7.0,7.0,2.0,4.0,Improve
43.0,1.0,No,Country,110.0,0,3,0,0,0,1,0,0,0,0,0,2,0,0,1,0,5.0,1.0,1.0,1.0,Improve
51.0,5.0,Yes,Rock,180.0,2,1,0,2,0,0,1,0,0,0,2,1,1,0,3,1,1.0,2.0,1.0,0.0,No effect
63.0,8.0,Yes,Rock,70.0,2,2,1,1,0,0,1,0,1,1,0,2,1,0,2,0,2.0,1.0,2.0,2.0,Improve
64.0,2.0,Yes,Classical,,3,0,1,3,0,1,1,0,1,1,0,3,1,0,1,0,5.0,2.0,4.0,0.0,Improve
22.0,2.0,Yes,Pop,,2,1,2,2,1,2,0,1,0,3,1,3,1,2,2,1,7.0,2.0,1.0,0.0,Improve
24.0,1.0,Yes,Folk,103.0,2,0,3,3,1,2,2,1,1,3,1,2,1,2,3,3,10.0,10.0,7.0,8.0,Improve
19.0,8.0,Yes,Pop,99.0,1,2,2,3,0,3,0,3,2,1,1,3,2,3,3,1,7.0,2.0,1.0,6.0,Improve
56.0,8.0,Yes,Pop,117.0,2,1,1,2,0,2,2,1,1,1,2,2,2,2,2,0,6.0,4.0,1.0,0.0,Improve
20.0,1.0,No,EDM,102.0,1,0,3,0,0,2,0,1,1,3,1,3,0,0,0,0,5.0,9.0,6.0,1.0,Improve
19.0,1.0,Yes,Video game music,127.0,3,0,0,1,1,2,2,1,1,3,0,2,2,1,1,3,7.0,5.0,7.0,0.0,Improve
20.0,8.0,Yes,Jazz,93.0,1,2,1,3,0,2,3,1,2,3,0,2,1,2,2,1,7.0,6.0,7.0,4.0,Improve
60.0,2.0,Yes,Rock,,1,1,0,1,1,0,1,0,0,0,1,2,2,0,3,0,0.0,0.0,0.0,0.0,Improve
65.0,6.0,Yes,R&B,146.0,1,1,0,1,1,1,1,1,2,0,0,2,3,0,2,0,3.0,5.0,0.0,2.0,No effect
28.0,3.0,No,Metal,0.0,3,0,1,2,1,1,3,1,2,3,3,1,2,0,3,3,8.0,8.0,5.0,2.0,Improve
18.0,4.0,Yes,EDM,150.0,3,0,3,0,0,0,1,0,0,1,0,2,0,1,1,2,8.0,7.0,10.0,6.0,Improve
42.0,2.0,Yes,Rock,85.0,1,0,0,0,0,1,0,0,0,0,0,2,1,1,2,1,2.0,4.0,5.0,2.0,Improve
80.0,3.0,Yes,Classical,122.0,3,1,0,1,0,0,1,1,0,1,1,2,0,0,0,2,7.0,3.0,9.0,2.0,Improve
22.0,4.0,No,Pop,,1,2,3,2,0,1,0,0,0,0,1,3,3,1,2,0,8.0,7.0,4.0,4.0,Improve
56.0,2.0,No,Jazz,120.0,2,0,2,2,1,0,3,0,1,1,1,2,1,0,2,1,0.0,0.0,0.0,5.0,No effect
20.0,1.0,Yes,Pop,120.0,0,0,2,0,0,1,2,3,1,1,0,3,2,1,1,0,8.0,6.0,9.0,8.0,Improve
15.0,1.0,Yes,Video game music,150.0,0,1,2,0,0,2,1,0,0,3,2,2,1,1,3,3,4.0,2.0,3.0,2.0,Improve
57.0,2.0,Yes,Gospel,174.0,2,0,0,1,3,0,2,0,1,0,0,2,2,0,1,0,6.0,4.0,10.0,0.0,Improve
22.0,7.0,Yes,Pop,112.0,0,0,2,1,0,3,0,3,2,0,0,3,3,3,2,1,8.0,8.0,10.0,0.0,Improve
17.0,5.0,Yes,Pop,180.0,0,0,2,0,0,2,0,3,1,1,0,3,3,2,1,1,5.0,5.0,5.0,5.0,Improve
19.0,3.0,Yes,Rock,121.0,0,3,0,1,2,0,0,0,0,0,1,3,0,2,3,2,10.0,8.0,6.0,2.0,No effect
50.0,1.0,No,Rock,98.0,2,2,0,0,0,3,2,1,1,0,1,3,2,2,3,0,0.0,0.0,7.0,0.0,Improve
24.0,6.0,Yes,Rock,118.0,0,1,2,3,0,1,1,2,0,1,3,2,0,1,3,2,8.0,8.0,10.0,0.0,Improve
67.0,2.0,No,Rock,,2,0,0,0,0,1,0,0,0,0,2,2,0,0,2,0,8.0,2.0,0.0,0.0,No effect
18.0,3.0,Yes,Metal,135.0,2,2,0,1,1,1,0,0,0,0,3,0,1,1,1,0,7.0,8.0,4.0,10.0,Improve
20.0,1.5,Yes,Country,,1,3,2,0,0,2,2,2,1,0,0,2,0,2,2,0,0.0,2.0,0.0,1.0,Improve
15.0,4.0,Yes,Pop,105.0,0,1,0,0,2,1,1,1,1,2,1,3,2,2,3,2,3.0,5.0,4.0,0.0,Improve
17.0,2.0,Yes,Pop,122.0,1,0,0,1,0,2,0,3,1,0,0,3,0,2,0,0,5.0,2.0,3.0,1.0,Improve
32.0,2.0,Yes,Folk,,0,0,2,2,0,2,2,0,1,2,0,2,2,2,2,2,6.0,1.0,0.0,0.0,Improve
18.0,2.0,No,Rap,136.0,1,0,0,0,0,3,1,0,0,0,1,2,1,3,1,3,6.0,3.0,4.0,2.0,Improve
18.0,1.0,Yes,Rock,165.0,2,0,2,0,0,1,1,0,0,1,3,2,0,1,3,1,5.0,6.0,8.0,2.0,Improve
18.0,3.0,Yes,K pop,130.0,2,0,0,0,0,2,0,3,0,1,0,2,3,1,2,1,8.0,4.0,7.0,5.0,Improve
19.0,3.0,Yes,Pop,,0,0,3,0,0,3,1,1,1,1,1,3,2,3,1,2,1.0,1.0,2.0,3.0,Improve
18.0,2.0,No,Rock,115.0,0,0,0,0,0,1,0,0,0,0,2,2,1,1,3,0,8.0,3.0,1.0,3.0,Improve
17.0,6.0,Yes,Rap,140.0,1,0,1,0,2,3,2,0,0,2,0,2,2,3,1,0,3.0,3.0,0.0,0.0,Improve
34.0,3.0,Yes,Classical,95.0,3,0,0,0,0,0,1,0,0,1,2,1,0,0,2,2,0.0,0.0,0.0,0.0,No effect
18.0,3.0,Yes,Pop,150.0,1,1,2,1,0,3,1,1,0,1,1,3,1,3,1,2,5.0,4.0,2.0,0.0,No effect
18.0,2.0,Yes,R&B,97.0,0,0,0,0,2,3,1,0,1,1,0,2,3,3,1,0,2.0,4.0,0.0,0.0,Improve
22.0,2.0,Yes,Video game music,,2,1,1,0,3,1,2,1,1,1,0,1,0,0,0,3,4.0,6.0,0.0,2.0,Improve
18.0,2.0,Yes,Pop,,2,1,2,0,0,1,2,1,0,2,0,3,1,0,2,2,5.0,7.0,2.0,0.0,Improve
19.0,3.0,Yes,Rock,122.0,2,1,1,2,1,2,1,1,1,1,1,2,1,2,3,0,4.0,0.0,7.0,0.0,No effect
25.0,4.0,Yes,Pop,150.0,1,0,2,0,0,3,0,1,1,1,2,3,1,3,3,1,10.0,8.0,6.0,2.0,No effect
17.0,2.0,Yes,R&B,,3,1,0,1,1,1,2,2,1,2,1,3,3,1,2,0,3.0,3.0,1.0,0.0,Improve
25.0,5.0,Yes,Rock,125.0,2,2,1,0,0,2,0,1,0,1,2,2,0,2,3,2,8.0,7.0,2.0,1.0,Improve
18.0,2.0,Yes,R&B,96.0,2,1,0,0,0,2,1,0,0,3,1,3,3,2,3,1,3.0,3.0,0.0,3.0,Improve
24.0,7.0,Yes,Folk,137.0,2,1,1,3,0,1,1,0,1,2,1,3,1,1,3,3,10.0,10.0,8.0,10.0,Improve
16.0,3.0,Yes,K pop,174.0,1,0,2,0,0,1,2,3,2,2,0,3,1,2,0,0,10.0,2.0,7.0,8.0,Improve
18.0,3.0,No,Metal,210.0,0,0,0,1,0,2,3,0,1,0,3,1,2,2,2,1,9.0,6.0,8.0,5.0,Improve
18.0,4.0,Yes,R&B,129.0,1,1,1,0,0,3,2,0,0,1,0,3,3,3,3,1,6.0,4.0,1.0,6.0,Improve
16.0,3.0,Yes,Pop,112.0,3,0,0,0,0,1,1,0,0,0,0,3,3,0,2,0,3.0,4.0,6.0,8.0,Improve
68.0,1.0,Yes,Gospel,8.0,3,0,0,2,3,0,0,0,2,0,0,0,0,0,0,0,10.0,10.0,10.0,0.0,Improve
16.0,7.0,Yes,Video game music,999999999.0,0,1,2,1,0,1,1,0,0,0,3,2,0,3,1,2,4.0,8.0,8.0,4.0,No effect
21.0,1.0,No,R&B,81.0,0,0,0,0,1,3,0,0,0,0,0,3,3,2,0,0,3.0,0.0,0.0,0.0,Improve
53.0,4.0,Yes,R&B,153.0,1,2,1,1,1,3,1,2,1,0,2,1,2,2,2,1,1.0,0.0,0.0,0.0,Improve
29.0,4.0,Yes,Classical,120.0,3,0,3,0,0,0,2,0,1,1,0,2,0,0,1,1,5.0,6.0,7.0,7.0,No effect
18.0,3.0,Yes,Video game music,89.0,2,0,0,0,0,0,2,1,0,3,0,1,2,0,0,3,7.0,0.0,3.0,1.0,No effect
29.0,2.0,Yes,Pop,,0,0,1,1,0,3,0,0,0,2,1,3,0,3,0,3,10.0,8.0,8.0,9.0,Improve
18.0,4.0,Yes,R&B,169.0,1,2,3,0,1,3,1,2,2,2,1,2,3,2,1,2,3.0,0.0,3.0,4.0,Improve
22.0,5.0,Yes,EDM,138.0,0,0,3,0,0,3,0,0,0,3,0,3,3,3,3,2,1.0,0.0,0.0,1.0,No effect
19.0,6.0,Yes,Pop,124.0,2,1,1,1,3,2,1,2,3,1,1,3,2,2,2,2,6.0,6.0,0.0,0.0,Improve
13.0,1.0,Yes,Video game music,,0,0,2,0,0,1,2,0,0,2,1,1,1,0,2,3,4.0,3.0,4.0,0.0,Improve
26.0,1.0,No,Pop,192.0,0,1,2,2,0,1,1,2,2,3,0,3,1,1,2,0,6.0,4.0,0.0,0.0,Improve
14.0,3.0,Yes,Rock,76.0,0,0,0,0,0,2,1,0,0,0,1,2,0,0,3,2,2.0,6.0,3.0,0.0,Worsen
27.0,1.0,Yes,Pop,119.0,1,1,1,0,1,2,1,3,0,2,0,3,2,2,2,3,8.0,3.0,3.0,3.0,Improve
26.0,8.0,No,Rock,172.0,0,2,2,3,0,3,1,3,0,0,2,2,3,3,3,3,8.0,10.0,7.0,3.0,No effect
59.0,1.0,No,Rock,79.0,1,0,0,1,2,0,1,0,1,0,0,1,1,0,3,0,1.0,0.0,0.0,1.0,Improve
30.0,8.0,Yes,Rock,112.0,2,2,0,1,0,2,2,0,2,2,1,2,2,2,3,0,8.0,6.0,6.0,8.0,Improve
27.0,1.0,Yes,Pop,130.0,0,1,2,0,0,2,0,1,2,0,0,3,2,2,2,0,6.0,3.0,1.0,7.0,Improve
18.0,1.0,No,Rap,116.0,1,0,0,0,0,2,0,0,1,2,0,2,0,3,0,2,2.0,0.0,3.0,0.0,Improve
23.0,10.0,Yes,Metal,165.0,0,0,0,0,0,0,0,0,0,0,3,0,0,0,2,0,0.0,0.0,0.0,0.0,No effect
18.0,10.0,Yes,Rock,110.0,2,2,2,2,1,2,2,2,1,1,3,3,2,2,3,0,10.0,10.0,6.0,6.0,Improve
40.0,5.0,Yes,Rock,174.0,2,2,2,2,0,3,1,1,2,1,2,3,2,3,3,1,3.0,0.0,0.0,1.0,Improve
24.0,10.0,Yes,Rock,180.0,2,0,0,1,0,0,0,0,0,1,2,2,0,0,3,2,7.0,9.0,10.0,0.0,Improve
23.0,2.0,Yes,Classical,171.0,3,0,1,1,0,0,2,0,1,2,0,3,1,0,3,0,8.0,7.0,6.0,2.0,Improve
56.0,6.0,Yes,R&B,,0,0,0,0,0,2,1,0,0,0,0,0,2,0,0,0,2.0,0.0,10.0,10.0,Improve
29.0,2.0,Yes,R&B,70.0,1,0,3,0,0,3,1,1,2,2,0,3,3,1,0,2,10.0,7.0,9.0,3.0,No effect
16.0,3.0,Yes,Pop,120.0,0,0,0,0,0,3,0,3,0,0,0,3,2,0,0,0,6.0,0.0,0.0,0.0,Improve
18.0,8.0,Yes,Gospel,56.0,1,0,1,0,3,2,2,0,2,3,0,2,3,2,0,2,3.0,0.0,2.0,2.0,Improve
21.0,8.0,Yes,Lofi,162.0,3,3,3,3,3,3,3,3,3,3,3,3,3,3,3,3,6.0,5.0,9.0,8.0,Improve
32.0,8.0,Yes,Rock,101.0,0,0,0,1,0,2,0,0,0,0,2,1,1,2,3,2,7.0,6.0,5.0,8.0,Improve
22.0,8.0,Yes,Metal,110.0,2,0,2,1,1,1,2,0,0,0,3,1,1,0,3,3,10.0,7.0,8.0,6.0,Improve
17.0,12.0,Yes,Latin,172.0,3,0,1,1,2,3,0,1,3,1,2,1,0,3,3,2,0.0,3.0,9.0,5.0,No effect
18.0,6.0,Yes,EDM,90.0,1,0,3,0,0,2,1,3,3,3,0,3,3,3,1,2,0.0,2.0,1.0,5.0,Improve
18.0,4.0,Yes,R&B,135.0,2,1,2,0,2,2,0,3,3,1,0,2,3,3,0,1,2.0,0.0,0.0,0.0,No effect
24.0,8.0,Yes,Jazz,81.0,3,0,1,0,0,3,3,0,1,3,0,1,2,2,3,1,2.0,2.0,4.0,0.0,No effect
21.0,2.0,No,Pop,170.0,1,0,0,0,1,2,0,0,0,2,2,3,2,2,3,2,5.0,6.0,3.0,4.0,No effect
46.0,1.0,No,Rock,120.0,0,2,0,0,0,0,0,0,0,0,0,2,0,0,2,0,0.0,0.0,1.0,0.0,No effect
18.0,2.0,Yes,Hip hop,90.0,0,0,0,0,2,3,0,0,0,2,0,2,3,3,0,0,5.0,4.0,3.0,7.0,Improve
16.0,3.0,Yes,K pop,115.0,1,0,1,0,0,3,3,3,0,2,0,3,3,3,3,2,2.0,7.0,0.0,0.0,Improve
21.0,1.0,Yes,Video game music,,3,3,1,2,1,2,2,0,0,3,1,2,0,2,2,3,0.0,6.0,0.0,4.0,Improve
19.0,0.0,No,Classical,,3,1,2,1,1,2,1,1,1,1,0,1,1,1,1,1,0.0,0.0,0.0,0.0,Improve
20.0,2.0,Yes,Rap,,2,0,1,0,0,2,2,0,0,1,0,2,2,3,2,2,7.0,5.0,1.0,3.0,Improve
21.0,0.1,Yes,Folk,,2,0,0,3,2,1,0,0,0,0,0,1,0,1,2,0,7.0,5.0,3.0,1.0,No effect
56.0,2.0,Yes,Rock,220.0,1,0,0,0,0,0,0,0,0,0,3,0,0,1,3,0,3.0,3.0,1.0,8.0,No effect
21.0,12.0,Yes,Rock,160.0,2,1,3,1,1,2,2,1,0,2,3,2,1,2,3,1,7.0,10.0,4.0,7.0,Worsen
20.0,1.0,Yes,Pop,121.0,1,0,0,3,0,1,1,1,0,2,1,3,1,1,3,0,3.0,2.0,3.0,0.0,Improve
21.0,1.0,Yes,Rock,105.0,2,0,1,0,0,1,1,0,0,0,1,2,0,0,3,1,5.0,1.0,1.0,9.0,Improve
25.0,3.0,Yes,Rock,110.0,0,1,0,2,0,0,0,0,0,2,0,1,0,0,3,2,8.0,9.0,4.0,10.0,Improve
33.0,2.0,Yes,Metal,134.0,1,0,0,2,0,2,1,0,0,0,3,2,2,2,3,2,4.0,8.0,0.0,0.0,Improve
20.0,2.0,Yes,Rock,148.0,1,1,1,1,0,2,2,1,2,2,3,3,2,2,3,1,7.0,9.0,7.0,0.0,Improve
17.0,3.0,Yes,Rock,120.0,2,2,2,0,0,0,0,1,0,1,3,3,0,1,3,0,1.0,5.0,6.0,4.0,No effect
24.0,1.0,No,Jazz,122.0,1,0,2,1,0,0,2,1,0,1,1,2,1,0,2,3,3.0,2.0,1.0,0.0,No effect
26.0,3.0,Yes,Jazz,90.0,1,1,1,1,0,2,3,0,2,1,3,1,2,1,3,1,6.0,8.0,0.0,0.0,Improve
17.0,3.0,Yes,Rock,122.0,1,1,0,1,0,1,1,0,0,1,3,2,0,2,3,3,6.0,3.0,6.0,0.0,Improve
16.0,5.0,Yes,Metal,129.0,2,0,0,1,0,1,2,0,0,1,3,2,0,2,3,2,7.0,4.0,8.0,0.0,Improve
27.0,8.0,Yes,Metal,132.0,0,0,1,0,0,2,0,0,0,0,3,3,3,1,2,0,2.0,6.0,9.0,1.0,No effect
28.0,4.0,Yes,Hip hop,178.0,1,2,2,1,0,3,0,0,3,2,1,3,1,3,2,1,8.0,5.0,3.0,8.0,Improve
48.0,5.0,Yes,Rock,,3,2,2,3,0,2,1,0,1,0,1,1,1,1,3,1,3.0,3.0,0.0,0.0,Improve
19.0,3.0,Yes,Rap,115.0,0,0,1,1,0,2,0,1,0,3,2,3,2,3,2,2,7.0,5.0,3.0,3.0,Improve
21.0,4.0,Yes,Rock,137.0,2,3,1,3,0,2,0,0,0,1,2,3,2,2,3,1,4.0,8.0,2.0,3.0,Improve
21.0,1.0,Yes,Classical,92.0,3,0,0,0,0,0,0,0,0,0,0,0,0,0,0,1,3.0,0.0,0.0,5.0,Improve
15.0,4.0,Yes,Metal,140.0,1,0,2,1,0,1,0,1,0,0,3,2,2,2,3,1,10.0,7.0,3.0,2.0,Improve
20.0,1.0,No,Rock,130.0,2,2,1,3,1,1,3,0,0,0,0,3,1,1,3,0,10.0,4.0,8.0,0.0,Improve
21.0,2.0,Yes,Video game music,,2,0,1,2,1,0,1,0,2,2,1,3,2,0,3,3,2.0,2.0,0.0,0.0,Improve
22.0,6.0,Yes,Folk,63.0,0,1,2,3,0,1,1,0,2,2,0,1,1,1,3,2,8.0,7.0,7.0,3.0,Improve
22.0,2.0,No,Rock,119.0,1,0,0,0,0,1,1,1,0,0,3,3,0,0,3,2,10.0,5.0,2.0,8.0,Improve
31.0,1.0,Yes,Rock,,3,1,2,1,0,1,1,1,1,2,2,2,0,3,3,3,9.0,10.0,10.0,6.0,No effect
20.0,4.0,Yes,Metal,180.0,1,2,0,0,0,0,1,0,0,0,3,0,0,0,3,2,5.0,2.0,1.0,6.0,Improve
49.0,8.0,Yes,Classical,68.0,3,0,0,0,0,0,1,0,0,0,1,1,0,0,1,0,4.0,8.0,9.0,1.0,Improve
42.0,2.0,Yes,Metal,85.0,2,1,0,0,1,1,0,2,2,1,3,3,2,0,3,3,7.0,8.0,5.0,3.0,Improve
26.0,2.0,Yes,EDM,128.0,1,2,3,2,0,2,1,0,2,1,1,2,1,2,3,0,2.0,2.0,0.0,3.0,No effect
17.0,10.0,Yes,K pop,150.0,1,2,1,1,0,3,0,3,1,2,3,3,2,3,3,2,10.0,3.0,0.0,4.0,Improve
30.0,0.0,No,Metal,0.0,1,0,1,0,0,0,0,0,0,0,2,0,0,1,1,1,10.0,10.0,10.0,9.0,Improve
23.0,6.0,Yes,Folk,92.0,2,2,1,2,0,2,2,2,1,1,1,2,2,2,2,1,3.0,7.0,7.0,4.0,No effect
30.0,3.0,Yes,EDM,121.0,1,0,3,0,1,2,0,3,0,0,1,3,2,2,2,0,7.0,5.0,7.0,7.0,Improve
31.0,2.0,Yes,Metal,155.0,1,2,0,3,0,1,1,0,0,0,3,3,3,1,3,2,7.0,4.0,8.0,8.0,Improve
42.0,0.25,No,Classical,150.0,3,1,0,0,0,0,2,0,1,0,1,2,1,1,2,0,7.0,9.0,4.0,5.0,Improve
16.0,4.0,Yes,EDM,624.0,2,0,3,0,0,0,0,1,0,0,0,0,0,0,0,2,4.0,7.0,1.0,3.0,Improve
34.0,2.0,No,Metal,136.0,2,1,0,2,0,1,1,1,1,0,3,2,1,1,3,0,5.0,9.0,9.0,6.0,Improve
21.0,2.0,Yes,Pop,121.0,2,0,3,1,0,1,1,1,2,1,2,3,3,1,2,2,5.0,4.0,10.0,7.0,No effect
27.0,3.0,Yes,Pop,113.0,1,1,1,1,0,3,1,1,1,1,1,3,3,2,2,1,7.0,2.0,0.0,1.0,Improve
18.0,6.0,Yes,Folk,80.0,0,3,3,3,2,2,1,1,1,2,2,3,2,2,3,2,8.0,6.0,0.0,2.0,Improve
26.0,3.0,No,Metal,140.0,1,3,0,3,1,2,2,0,0,1,3,1,1,2,3,1,1.0,3.0,10.0,0.0,No effect
37.0,2.0,Yes,Rock,100.0,0,0,0,0,0,1,0,0,0,0,2,2,1,1,2,0,8.0,10.0,10.0,2.0,Worsen
26.0,5.0,Yes,Folk,92.0,2,1,1,3,0,3,3,0,1,1,2,2,2,3,3,1,4.0,7.0,6.0,0.0,No effect
19.0,4.0,No,Pop,120.0,0,0,2,0,0,2,2,2,2,1,0,3,2,2,2,2,9.0,6.0,3.0,0.0,No effect
22.0,4.0,Yes,Rock,93.0,0,1,0,0,0,1,0,0,0,1,2,3,1,1,3,3,10.0,7.0,4.0,4.0,Improve
43.0,0.0,No,Rock,,1,0,0,0,0,1,0,0,0,0,0,2,1,1,2,0,1.0,2.0,2.0,0.0,No effect
24.0,12.0,Yes,Rock,136.0,2,1,0,2,1,1,1,0,1,0,3,3,1,1,3,3,7.0,10.0,0.0,8.0,Improve
21.0,0.5,No,Pop,108.0,0,0,0,0,0,0,0,2,0,0,0,2,0,0,0,0,10.0,2.0,1.0,10.0,Worsen
28.0,1.0,Yes,Rock,147.0,1,1,0,1,0,0,0,0,0,0,0,2,0,0,2,0,2.0,1.0,2.0,2.0,Improve
23.0,3.0,Yes,R&B,93.0,3,0,0,3,0,3,3,0,1,3,1,3,3,3,2,1,3.0,10.0,0.0,0.0,No effect
20.0,12.0,No,Rock,98.0,0,2,1,2,2,2,2,1,0,0,2,3,2,2,3,2,7.0,10.0,2.0,0.0,Improve
17.0,4.0,Yes,Metal,120.0,0,1,3,0,0,0,1,0,0,1,3,2,0,0,3,2,4.0,2.0,0.0,0.0,Improve
19.0,3.0,Yes,R&B,130.0,1,1,1,1,1,1,1,1,0,0,0,2,2,2,2,1,4.0,2.0,5.0,3.0,Improve
32.0,1.0,Yes,Metal,218.0,2,2,2,2,0,1,0,3,1,0,3,1,1,2,3,1,6.0,8.0,7.0,0.0,Improve
18.0,4.0,No,Folk,123.0,2,3,2,3,1,2,2,0,0,2,3,3,1,1,3,3,8.0,6.0,4.0,0.0,Improve
20.0,2.0,Yes,Rock,135.0,2,1,0,1,0,0,1,1,0,0,0,3,0,0,3,2,2.0,2.0,0.0,0.0,No effect
27.0,3.0,Yes,Rock,105.0,1,0,3,1,0,1,1,0,0,3,3,1,1,1,3,3,8.0,7.0,9.0,3.0,Improve
15.0,3.0,Yes,Rock,132.0,2,0,0,0,0,0,0,0,0,1,3,0,0,0,3,1,4.0,3.0,5.0,0.0,No effect
26.0,1.0,Yes,Rock,,1,1,2,2,0,0,0,0,1,3,1,3,1,1,3,2,6.0,1.0,0.0,4.0,No effect
24.0,2.0,Yes,Pop,115.0,0,0,0,0,0,2,1,1,0,1,0,3,3,2,1,1,6.0,6.0,3.0,6.0,Improve
20.0,1.0,Yes,K pop,120.0,2,0,1,0,2,0,1,3,0,2,0,3,2,0,1,0,8.0,7.0,1.0,1.0,No effect
21.0,0.5,Yes,Pop,,0,1,0,1,0,1,1,1,0,2,0,3,1,1,2,1,5.0,3.0,4.0,1.0,Improve
16.0,2.0,Yes,Video game music,149.0,3,0,0,0,0,0,0,0,0,0,0,1,0,1,0,3,6.0,2.0,4.0,3.0,Improve
21.0,11.0,Yes,Metal,125.0,1,1,2,1,1,3,2,1,1,3,3,3,2,3,3,3,5.0,6.0,6.0,0.0,Improve
27.0,10.0,Yes,Jazz,132.0,3,0,0,3,1,1,3,1,1,2,2,2,2,1,2,2,6.0,10.0,8.0,1.0,Improve
17.0,5.0,Yes,Rock,110.0,3,1,1,2,1,3,3,0,1,3,2,2,3,3,3,2,7.0,3.0,9.0,7.0,Improve
21.0,1.5,Yes,Classical,110.0,3,1,3,3,2,2,3,0,1,2,1,3,1,2,2,2,4.0,6.0,0.0,0.0,No effect
17.0,2.0,Yes,Folk,116.0,3,2,0,3,2,1,3,0,2,2,0,3,1,0,2,1,9.0,4.0,0.0,1.0,Improve
21.0,3.0,No,Rap,145.0,2,0,0,1,0,3,0,0,0,2,1,2,2,3,1,2,9.0,7.0,7.0,5.0,Improve
17.0,2.0,No,Rock,,2,2,2,3,1,2,2,0,0,0,2,2,2,2,3,2,5.0,10.0,2.0,7.0,No effect
36.0,3.0,Yes,Country,105.0,3,3,2,0,0,1,0,3,2,0,0,1,2,0,0,0,1.0,0.0,1.0,0.0,Improve
18.0,4.0,No,R&B,80.0,1,0,1,0,2,3,0,3,0,1,0,3,3,3,0,0,8.0,7.0,2.0,6.0,Improve
18.0,1.0,No,K pop,100.0,0,0,1,0,0,3,0,3,0,2,0,2,2,1,1,0,5.0,1.0,4.0,0.0,Improve
18.0,5.0,Yes,Latin,73.0,3,2,1,0,0,2,1,2,3,2,0,3,2,1,2,0,10.0,6.0,0.0,0.0,Improve
18.0,2.0,Yes,R&B,80.0,0,0,0,0,0,2,0,3,0,0,0,3,3,3,0,0,7.0,5.0,5.0,5.0,Improve
18.0,7.0,Yes,Hip hop,,3,1,0,0,1,3,3,1,0,2,0,2,2,2,1,1,3.0,1.0,0.0,3.0,Improve
18.0,2.0,Yes,Rap,,1,0,1,0,0,2,1,1,0,2,0,2,1,3,0,1,5.0,8.0,7.0,4.0,Improve
18.0,1.0,Yes,Classical,120.0,2,2,1,1,1,2,2,1,1,3,0,1,1,1,1,1,2.0,0.0,0.0,5.0,No effect
18.0,1.0,No,Classical,117.0,3,0,2,0,0,2,1,0,0,0,0,2,0,1,0,1,7.0,0.0,0.0,0.0,No effect
18.0,4.0,Yes,R&B,,0,1,0,0,0,3,0,0,0,3,0,2,3,2,0,0,8.0,0.0,0.0,2.0,No effect
20.0,6.0,Yes,R&B,89.0,1,0,0,1,0,2,0,2,2,2,0,3,3,3,0,1,4.0,1.0,1.0,0.0,Improve
19.0,3.0,Yes,Hip hop,115.0,2,0,1,0,0,3,1,1,0,2,0,3,3,3,0,1,3.0,8.0,0.0,2.0,Improve
17.0,4.0,Yes,Hip hop,144.0,2,0,0,0,0,3,0,0,0,3,0,2,0,3,0,0,7.0,0.0,2.0,2.0,Improve
23.0,4.0,Yes,Video game music,105.0,1,1,3,1,1,1,1,1,0,3,2,2,2,2,2,3,10.0,8.0,10.0,0.0,Improve
18.0,1.0,Yes,Pop,114.0,0,1,0,2,1,1,0,2,0,2,0,3,1,2,2,0,7.0,1.0,1.0,1.0,Improve
19.0,2.0,Yes,Pop,145.0,1,0,2,0,0,0,0,2,0,0,1,3,0,1,2,2,5.0,9.0,1.0,7.0,No effect
89.0,24.0,Yes,Rap,143.0,0,0,1,1,0,3,2,0,0,1,1,1,2,3,1,0,0.0,0.0,0.0,0.0,No effect
20.0,5.0,Yes,R&B,128.0,3,2,0,2,0,3,1,3,3,3,0,3,3,3,3,2,10.0,6.0,3.0,8.0,Improve
16.0,3.0,No,Rock,90.0,1,0,0,1,0,2,2,0,2,0,0,0,2,2,3,0,7.0,3.5,3.5,5.5,Improve
17.0,4.0,Yes,Country,110.0,2,3,0,0,0,1,2,3,1,2,0,3,1,1,2,0,2.0,0.0,0.0,2.0,Improve
16.0,9.0,Yes,Metal,130.0,1,0,0,1,0,0,0,1,1,0,3,2,1,1,3,0,10.0,10.0,10.0,8.0,Improve
20.0,1.0,Yes,Pop,,2,1,1,1,1,2,1,0,0,1,1,3,1,2,1,3,8.0,9.0,6.0,5.0,Worsen
30.0,1.0,Yes,Rock,115.0,2,1,1,1,1,1,1,2,0,2,2,3,1,1,3,2,9.0,7.0,8.0,4.0,Improve
37.0,2.0,Yes,Folk,186.0,2,2,0,2,0,1,2,0,0,0,1,2,1,1,2,2,6.0,4.0,5.0,0.0,Improve
44.0,1.5,No,Folk,99.0,1,3,0,3,1,2,0,0,0,0,0,1,1,2,2,0,8.0,5.0,9.0,4.0,Improve
21.0,2.0,Yes,Metal,150.0,0,1,1,0,0,0,0,0,0,0,3,1,0,2,3,1,3.0,7.0,0.0,0.0,Improve
19.0,4.0,Yes,Pop,149.0,2,2,0,1,0,0,0,0,0,2,0,3,0,0,0,0,9.0,1.0,0.0,9.0,Improve
23.0,1.0,Yes,Rock,,1,1,2,2,0,2,1,1,0,2,2,3,2,2,3,3,8.0,6.0,1.0,4.0,Improve
26.0,1.0,No,Country,120.0,2,3,2,1,0,1,0,0,0,0,1,2,0,0,2,1,4.0,1.0,1.0,6.0,Improve
18.0,3.0,Yes,Video game music,140.0,2,0,0,0,0,1,2,0,0,1,1,1,1,1,2,3,6.0,5.0,3.0,1.0,No effect
35.0,4.0,Yes,Hip hop,90.0,2,1,1,2,0,3,3,0,2,3,1,3,3,3,2,3,7.0,8.0,6.0,5.0,Improve
16.0,8.0,Yes,Rock,120.0,3,0,1,2,0,0,1,1,1,1,1,2,1,0,3,2,8.0,9.0,5.0,10.0,Improve
19.0,5.0,Yes,Metal,210.0,0,0,3,0,0,1,0,0,0,0,3,1,0,1,3,2,8.0,6.0,7.0,0.0,Improve
23.0,3.0,Yes,Rock,,0,0,0,1,0,0,2,0,0,1,0,2,1,0,3,0,10.0,5.0,2.0,0.0,Improve
17.0,8.0,Yes,Pop,95.0,1,0,3,0,0,2,1,0,0,3,0,3,0,1,1,3,5.0,2.0,4.0,7.0,No effect
29.0,1.0,No,Country,163.0,2,3,0,2,2,2,1,0,1,0,1,2,1,1,3,0,9.0,3.0,2.0,0.0,No effect
21.0,4.0,Yes,Pop,97.0,1,2,0,2,2,1,2,0,0,0,0,2,2,1,2,0,4.0,6.0,3.0,4.0,Improve
17.0,1.0,No,Metal,137.0,2,0,0,1,0,1,1,1,2,1,3,2,0,1,3,1,9.0,8.0,4.0,0.0,Improve
23.0,2.0,No,Rock,,1,0,1,1,0,2,0,1,1,1,3,2,2,2,3,0,5.0,7.0,10.0,2.0,No effect
17.0,1.0,Yes,Metal,70.0,1,0,1,2,0,0,0,0,3,3,3,2,0,0,3,3,8.0,3.0,9.0,2.0,No effect
22.0,3.0,Yes,Video game music,150.0,1,1,2,2,0,1,2,1,1,1,2,3,1,1,2,3,10.0,10.0,6.0,8.0,Improve
17.0,5.0,Yes,Hip hop,168.0,1,2,3,0,2,3,0,2,0,2,1,3,3,3,1,1,7.0,7.0,5.0,5.0,Improve
19.0,5.0,Yes,Pop,163.0,3,2,1,0,1,1,1,3,2,3,1,3,1,1,2,1,10.0,8.0,1.0,0.0,Improve
19.0,4.0,Yes,Pop,140.0,2,1,2,0,0,2,2,1,1,2,2,3,2,2,2,2,8.0,6.0,2.0,0.0,Improve
16.0,6.0,Yes,Pop,105.0,1,1,2,1,0,3,2,3,3,1,0,3,3,3,0,0,10.0,7.0,6.0,10.0,Improve
19.0,6.0,Yes,Pop,78.0,1,1,1,0,0,2,2,2,1,2,0,3,1,1,1,2,6.0,6.0,8.0,0.0,Improve
13.0,1.0,Yes,Video game music,128.0,1,2,0,1,0,3,1,1,1,3,3,3,0,2,2,3,10.0,10.0,8.0,4.0,Worsen
18.0,18.0,Yes,EDM,90.0,2,1,3,0,1,2,2,0,0,2,2,1,2,2,2,2,9.0,8.0,5.0,10.0,Improve
26.0,1.0,Yes,Metal,136.0,2,1,2,3,0,0,1,0,0,1,3,1,0,0,0,1,0.0,0.0,0.0,0.0,No effect
14.0,7.0,Yes,Country,108.0,1,3,2,2,3,2,0,0,0,1,2,3,2,2,3,1,7.0,3.0,1.0,2.0,Improve
21.0,0.5,No,Pop,95.0,0,1,2,0,0,2,1,2,0,3,0,3,2,2,3,0,6.0,2.0,2.0,0.0,Improve
21.0,2.0,Yes,R&B,147.0,2,0,2,1,0,0,2,3,0,2,1,2,3,2,2,2,7.0,6.0,4.0,6.0,Improve
17.0,2.0,Yes,Rock,120.0,3,1,0,2,0,2,1,0,2,1,1,3,0,1,3,0,7.0,6.0,0.0,9.0,Improve
18.0,1.0,Yes,Pop,160.0,1,1,0,0,0,0,1,0,0,1,0,3,0,0,2,2,3.0,2.0,2.0,5.0,Improve
19.0,6.0,Yes,Rap,120.0,1,2,2,1,1,3,1,1,1,2,1,2,2,2,1,1,2.0,2.0,2.0,2.0,Improve
19.0,5.0,Yes,Classical,170.0,3,0,0,0,0,0,1,0,0,0,0,0,0,0,0,2,2.0,3.0,2.0,1.0,Improve
29.0,2.0,Yes,Hip hop,98.0,2,1,3,2,1,3,3,2,0,1,0,2,3,3,3,1,2.0,2.0,2.0,5.0,Improve
